Episode,Result,EndReason,Duration,BossPool,P1Pool,P2Pool,BossDmgDealt,PlayerDmgDealt,BossHpLeft,P1HpLeft,P2HpLeft,BossHits,BossCasts,P1Hits,P2Hits,CumulativeReward,FirstTouchP1,FirstTouchP2,P1DeathTime,P2DeathTime,BossTravelDist,UnlockedSkills,AvgDistBP1,MinDistBP1,MaxDistBP1,AvgDistBP2,MinDistBP2,MaxDistBP2,AvgDistP1P2,MinDistP1P2,MaxDistP1P2,BossAreaXZ,P1AreaXZ,P2AreaXZ,TargetSwitches,IdleRatio,FwdRatio,RotRatio,FacingRatio,CdWaitRatio,AvgCastDist,WallTime,CounterAttacks,CloseAlignFrames,RetreatFrames
3,BossWin,AllPlayerDeath,37.0,BossMeleeAggro,PlayerCCDebuffer,PlayerCCDebuffer,600,772,0.61,0.00,0.00,5,6,7,2,9.524,30.4,37.0,30.4,37.0,331.0,3,26.5,18.2,35.1,34.1,8.7,66.8,58.1,33.8,85.0,12343.4,8976.4,12979.2,14,0.001,0.896,0.103,0.891,0.405,20.2,0.00,2,1646,241
4,BossWin,AllPlayerDeath,54.2,BossRangedZoner,PlayerCCDebuffer,PlayerCCDebuffer,600,882,0.56,0.00,0.00,8,14,5,7,9.871,35.3,54.2,35.3,54.2,494.0,3,23.2,6.1,34.3,30.3,5.2,54.3,55.1,19.9,79.5,13116.3,11267.1,20061.9,14,0.001,0.912,0.087,0.921,0.985,23.0,0.00,3,2497,334
10,BossWin,AllPlayerDeath,33.1,BossMeleeAggro,PlayerCCDebuffer,PlayerCCDebuffer,600,318,0.84,0.00,0.00,5,7,2,4,19.902,22.7,33.1,23.8,33.1,293.0,3,32.3,1.8,66.3,23.8,6.1,43.2,53.9,17.4,89.8,8645.7,7954.3,9791.1,3,0.002,0.886,0.112,0.887,0.886,20.1,0.00,0,1468,250
18,BossLose,Timeout,60.0,BossMeleeAggro,PlayerCCDebuffer,PlayerCCDebuffer,189,760,0.62,0.70,0.67,2,20,8,1,8.827,-1.0,-1.0,-1.0,-1.0,544.8,3,25.9,9.9,33.9,37.1,8.8,55.3,57.2,33.8,78.8,7117.4,8392.1,10262.3,31,0.001,0.908,0.092,0.916,0.990,25.7,0.00,1,2750,334
20,BossLose,Timeout,60.0,BossTankSustain,PlayerCCDebuffer,PlayerCCDebuffer,73,1797,0.10,0.76,1.00,1,11,12,6,-3.460,-1.0,-1.0,-1.0,-1.0,519.4,3,29.8,14.1,58.3,34.1,10.8,53.0,58.5,22.6,81.2,9175.8,13102.4,13523.8,26,0.001,0.865,0.133,0.858,0.401,27.7,0.00,1,2575,457
24,BossLose,Timeout,60.0,BossMeleeAggro,PlayerCCDebuffer,PlayerCCDebuffer,252,1484,0.26,0.80,0.35,3,11,9,6,21.486,37.1,-1.0,-1.0,-1.0,543.8,3,28.6,5.0,47.7,31.4,5.9,47.6,56.6,22.6,76.1,10704.4,12956.9,13954.3,25,0.001,0.906,0.093,0.930,0.361,22.3,0.00,1,2792,367
31,BossLose,Timeout,60.0,BossRangedZoner,PlayerCCDebuffer,PlayerCCDebuffer,389,436,0.78,0.00,0.70,6,17,5,2,12.286,56.1,-1.0,56.1,-1.0,549.6,3,26.2,12.0,35.5,36.0,8.2,55.2,58.8,19.9,84.3,8883.5,9031.8,13124.1,34,0.001,0.916,0.083,0.911,0.991,24.4,0.00,2,2733,333
35,BossLose,Timeout,60.0,BossTankSustain,PlayerCCDebuffer,PlayerCCDebuffer,315,1276,0.36,0.31,0.64,3,12,12,1,2.007,-1.0,-1.0,-1.0,-1.0,550.8,3,25.9,11.0,34.1,34.9,9.4,50.9,55.3,22.6,78.9,8949.5,9403.7,9725.7,44,0.001,0.918,0.082,0.919,0.523,26.1,0.00,1,2757,351
36,BossLose,Timeout,60.0,BossMeleeAggro,PlayerCCDebuffer,PlayerCCDebuffer,416,986,0.51,0.00,0.61,5,19,12,2,4.401,55.0,-1.0,55.0,-1.0,542.0,3,26.6,14.2,34.3,36.1,8.7,50.8,57.2,22.6,77.1,8114.7,7285.9,11908.9,17,0.000,0.903,0.097,0.918,0.987,25.8,0.00,3,2755,345
37,BossLose,Timeout,60.0,BossTankSustain,PlayerCCDebuffer,PlayerCCDebuffer,119,674,0.66,0.75,0.86,1,10,12,0,5.358,-1.0,-1.0,-1.0,-1.0,560.2,3,24.9,5.9,33.9,37.3,19.5,49.7,56.6,22.1,75.0,9227.1,9910.1,11327.7,18,0.000,0.933,0.067,0.987,0.248,23.0,0.00,1,2963,205
49,BossLose,Timeout,60.0,BossTankSustain,PlayerCCDebuffer,PlayerCCDebuffer,13,835,0.58,1.00,0.96,0,6,7,3,0.629,-1.0,-1.0,-1.0,-1.0,552.0,3,31.0,9.8,55.8,31.1,9.1,54.8,54.3,27.6,87.8,13357.9,13512.3,15999.4,22,0.000,0.920,0.080,0.869,0.243,21.2,0.00,0,2609,381
53,BossLose,Timeout,60.0,BossRangedZoner,PlayerCCDebuffer,PlayerCCDebuffer,311,566,0.72,0.23,0.73,5,17,7,1,6.322,-1.0,-1.0,-1.0,-1.0,557.6,3,25.0,8.2,34.9,36.6,8.9,56.7,56.6,19.9,77.3,8355.0,8663.1,13881.9,19,0.001,0.929,0.070,0.936,0.989,24.9,0.00,4,2810,276
54,BossLose,Timeout,60.0,BossMeleeAggro,PlayerCCDebuffer,PlayerCCDebuffer,89,798,0.60,0.88,0.83,1,17,12,1,5.736,-1.0,-1.0,-1.0,-1.0,557.8,3,26.1,12.7,35.1,35.2,9.5,54.2,57.1,19.9,83.1,8541.8,9110.8,11339.7,33,0.001,0.929,0.070,0.921,0.991,26.3,0.00,1,2764,347
58,BossLose,Timeout,60.0,BossTankSustain,PlayerCCDebuffer,PlayerCCDebuffer,123,946,0.53,0.65,0.94,1,10,9,1,5.012,-1.0,-1.0,-1.0,-1.0,554.6,3,26.4,16.2,33.9,38.2,8.4,63.3,57.5,28.5,84.8,12962.9,13089.7,14050.6,17,0.001,0.924,0.075,0.942,0.247,24.9,0.00,1,2827,244
59,BossLose,Timeout,60.0,BossMeleeAggro,PlayerCCDebuffer,PlayerCCDebuffer,456,380,0.81,0.23,0.25,3,20,9,1,4.083,-1.0,-1.0,-1.0,-1.0,555.8,3,26.4,12.6,33.8,38.1,8.3,67.7,60.0,19.9,94.6,7913.6,9207.0,11687.7,29,0.001,0.926,0.073,0.915,0.991,25.3,0.00,1,2745,334
61,BossLose,Timeout,60.0,BossTankSustain,PlayerCCDebuffer,PlayerCCDebuffer,251,1567,0.22,0.66,0.51,3,13,3,13,23.359,20.4,-1.0,-1.0,-1.0,527.6,3,32.2,4.8,59.0,26.1,5.3,48.9,52.4,22.6,74.6,19173.0,16847.8,24435.7,4,0.001,0.879,0.120,0.898,0.649,21.2,0.00,3,2696,569
64,BossLose,Timeout,60.0,BossRangedZoner,PlayerCCDebuffer,PlayerCCDebuffer,68,992,0.50,1.00,0.77,0,10,13,1,2.490,-1.0,-1.0,-1.0,-1.0,559.8,3,26.3,17.5,33.9,37.0,8.7,55.3,59.4,33.8,73.3,10582.5,11632.5,12548.9,31,0.001,0.933,0.067,0.914,0.249,25.4,0.00,0,2743,307
71,BossLose,Timeout,60.0,BossRangedZoner,PlayerCCDebuffer,PlayerCCDebuffer,300,1054,0.47,0.15,0.85,4,10,9,1,9.143,-1.0,-1.0,-1.0,-1.0,550.0,3,26.3,11.6,34.9,38.7,8.8,56.9,57.2,33.8,74.6,7271.6,8181.1,9819.6,33,0.000,0.917,0.083,0.911,0.250,25.3,0.00,3,2735,339
73,BossLose,Timeout,60.0,BossRangedZoner,PlayerCCDebuffer,PlayerCCDebuffer,268,879,0.56,0.24,0.87,5,16,9,1,7.086,-1.0,-1.0,-1.0,-1.0,548.4,3,26.7,14.1,34.8,38.4,8.9,60.4,56.7,22.6,85.7,7112.8,7065.4,8782.9,30,0.001,0.914,0.085,0.882,0.990,25.0,0.00,5,2647,408
83,BossLose,Timeout,60.0,BossTankSustain,PlayerCCDebuffer,PlayerCCDebuffer,70,543,0.73,1.00,0.77,1,14,8,1,4.694,-1.0,-1.0,-1.0,-1.0,556.0,3,26.3,12.6,33.9,39.6,8.4,69.2,57.0,19.9,88.8,10203.5,11185.0,13105.5,25,0.001,0.926,0.072,0.898,0.487,25.8,0.00,0,2694,292
98,BossLose,Timeout,60.0,BossRangedZoner,PlayerCCDebuffer,PlayerCCDebuffer,156,943,0.53,0.91,0.57,1,11,9,1,2.259,-1.0,-1.0,-1.0,-1.0,558.0,3,26.3,12.5,34.4,36.2,9.5,54.4,57.5,19.9,84.9,7406.5,7888.2,10098.8,17,0.000,0.930,0.070,0.936,0.499,27.4,0.00,0,2808,296
103,BossLose,Timeout,60.0,BossRangedZoner,PlayerCCDebuffer,PlayerCCDebuffer,58,1193,0.40,0.81,1.00,1,14,12,1,3.079,-1.0,-1.0,-1.0,-1.0,561.6,3,26.1,11.3,33.7,39.0,8.7,62.2,58.7,19.9,84.9,12057.2,14244.2,15676.2,37,0.001,0.936,0.063,0.946,0.990,26.2,0.00,0,2838,286
106,BossLose,Timeout,60.0,BossRangedZoner,PlayerCCDebuffer,PlayerCCDebuffer,169,854,0.57,0.62,0.81,2,9,7,3,22.131,43.7,-1.0,-1.0,-1.0,532.6,3,30.4,4.7,69.2,36.2,5.6,68.4,60.0,22.6,91.2,8942.7,8628.5,14798.9,17,0.001,0.887,0.112,0.906,0.000,25.6,0.00,1,2720,391
108,BossLose,Timeout,60.0,BossRangedZoner,PlayerCCDebuffer,PlayerCCDebuffer,424,1004,0.50,0.59,0.00,6,15,6,4,6.997,-1.0,46.2,-1.0,46.2,544.6,3,36.3,6.7,75.4,24.4,5.0,58.2,59.9,18.5,101.4,11071.1,19627.4,9880.2,8,0.001,0.907,0.092,0.874,0.975,17.7,0.00,4,2622,381
109,BossLose,Timeout,60.0,BossMeleeAggro,PlayerCCDebuffer,PlayerCCDebuffer,282,426,0.79,0.53,0.53,2,16,5,1,3.715,-1.0,-1.0,-1.0,-1.0,556.8,3,26.4,12.5,33.9,35.9,8.3,53.8,57.1,19.9,77.9,8133.4,9224.8,11562.8,29,0.001,0.928,0.072,0.926,0.498,26.4,0.00,0,2780,317
111,BossLose,Timeout,60.0,BossRangedZoner,PlayerCCDebuffer,PlayerCCDebuffer,469,509,0.75,0.40,0.03,6,15,4,6,9.721,-1.0,-1.0,-1.0,-1.0,558.4,3,34.7,8.1,66.0,26.9,12.6,44.7,58.0,19.9,86.9,21331.7,21178.3,22121.7,12,0.001,0.930,0.068,0.882,0.964,23.3,0.00,4,2647,541
124,BossLose,Timeout,60.0,BossMeleeAggro,PlayerCCDebuffer,PlayerCCDebuffer,454,765,0.62,0.06,0.43,2,14,12,1,5.899,-1.0,-1.0,-1.0,-1.0,557.0,3,25.9,12.6,34.7,34.6,8.3,45.3,57.3,19.9,73.9,9286.0,10513.1,11658.9,51,0.000,0.928,0.072,0.935,0.498,26.4,0.00,1,2807,307
128,BossLose,Timeout,60.0,BossRangedZoner,PlayerCCDebuffer,PlayerCCDebuffer,239,1180,0.41,0.30,0.91,2,15,13,2,7.145,-1.0,-1.0,-1.0,-1.0,550.0,3,27.2,7.4,66.4,38.4,8.6,59.3,58.7,19.9,87.2,10624.2,14283.3,15449.1,28,0.000,0.917,0.083,0.913,0.997,25.5,0.00,0,2740,359
138,BossLose,Timeout,60.0,BossTankSustain,PlayerCCDebuffer,PlayerCCDebuffer,402,759,0.62,0.09,0.57,4,17,12,1,3.528,-1.0,-1.0,-1.0,-1.0,553.6,3,26.5,14.2,33.8,35.4,8.7,45.5,57.8,22.6,75.8,9918.1,10549.8,12887.0,30,0.001,0.922,0.077,0.938,0.988,24.4,0.00,2,2816,305
166,BossLose,Timeout,60.0,BossRangedZoner,PlayerCCDebuffer,PlayerCCDebuffer,454,1106,0.45,0.49,0.00,6,15,5,10,10.395,-1.0,46.1,-1.0,46.1,555.0,3,33.8,12.5,57.2,24.7,7.2,31.8,57.2,29.0,70.5,18657.7,21987.5,17724.3,20,0.000,0.925,0.075,0.953,0.976,24.9,0.00,1,2860,288
167,BossLose,Timeout,60.0,BossTankSustain,PlayerCCDebuffer,PlayerCCDebuffer,81,940,0.53,0.92,0.81,1,9,2,10,9.564,18.3,-1.0,-1.0,-1.0,508.0,3,32.4,2.5,66.6,26.5,6.8,44.0,53.8,6.0,81.3,12659.1,18644.9,14888.8,3,0.001,0.846,0.152,0.897,0.000,25.2,0.00,1,2692,621
174,BossLose,Timeout,60.0,BossRangedZoner,PlayerCCDebuffer,PlayerCCDebuffer,486,932,0.53,0.00,0.38,8,16,6,4,8.477,47.1,-1.0,47.1,-1.0,539.0,3,26.6,14.2,34.1,33.2,9.5,51.8,56.0,22.6,76.2,9921.0,7181.6,11009.5,31,0.000,0.898,0.102,0.896,0.982,25.3,0.00,4,2688,397
178,BossLose,Timeout,60.0,BossMeleeAggro,PlayerCCDebuffer,PlayerCCDebuffer,196,913,0.54,0.78,0.57,2,19,7,3,2.674,-1.0,-1.0,-1.0,-1.0,547.4,3,27.7,17.9,39.9,36.6,8.7,66.0,60.2,33.8,91.9,10024.3,10430.4,13507.7,26,0.001,0.912,0.087,0.914,0.984,26.3,0.00,0,2744,324
183,BossLose,Timeout,60.0,BossRangedZoner,PlayerCCDebuffer,PlayerCCDebuffer,282,988,0.51,0.44,0.62,3,10,11,1,4.538,-1.0,-1.0,-1.0,-1.0,561.6,3,26.1,14.0,34.7,37.3,8.7,61.8,60.5,33.8,80.9,12259.7,12452.1,15015.2,21,0.001,0.936,0.063,0.930,0.249,27.0,0.00,1,2791,316
187,BossLose,Timeout,60.0,BossRangedZoner,PlayerCCDebuffer,PlayerCCDebuffer,281,979,0.51,0.61,0.45,3,15,11,1,8.686,-1.0,-1.0,-1.0,-1.0,548.6,3,25.8,7.0,34.3,37.2,8.9,54.9,54.2,33.8,78.8,7959.7,7047.5,10079.6,17,0.001,0.914,0.085,0.852,0.986,23.4,0.00,2,2556,412
191,BossWin,AllPlayerDeath,32.3,BossTankSustain,PlayerCCDebuffer,PlayerCCDebuffer,600,371,0.81,0.00,0.00,6,9,4,1,10.830,32.3,8.2,32.3,8.2,279.0,3,27.9,8.1,49.2,14.8,7.8,21.5,44.3,22.1,58.0,5130.0,5383.7,860.4,1,0.003,0.864,0.133,0.939,0.983,17.5,0.00,4,1518,106
195,BossLose,Timeout,60.0,BossTankSustain,PlayerCCDebuffer,PlayerCCDebuffer,248,1131,0.43,0.26,0.91,2,10,11,1,7.471,-1.0,-1.0,-1.0,-1.0,561.2,3,24.8,6.1,33.9,38.3,14.2,56.4,59.6,28.4,73.5,14265.0,16048.3,15971.1,15,0.000,0.935,0.065,0.987,0.248,22.2,0.00,1,2963,196
198,BossLose,Timeout,60.0,BossRangedZoner,PlayerCCDebuffer,PlayerCCDebuffer,418,805,0.60,0.61,0.00,2,15,9,1,3.622,-1.0,32.5,-1.0,32.5,551.8,3,26.5,12.1,34.9,35.9,8.7,55.7,57.5,19.9,84.5,7193.5,7567.1,10054.2,29,0.001,0.919,0.080,0.938,0.994,28.4,0.00,1,2815,286
200,BossLose,Timeout,60.0,BossTankSustain,PlayerCCDebuffer,PlayerCCDebuffer,244,1003,0.50,0.85,0.33,3,17,3,8,18.536,34.5,-1.0,-1.0,-1.0,529.8,3,39.9,4.9,68.6,24.0,5.4,39.4,60.6,22.2,89.6,14992.2,15279.6,18116.3,9,0.001,0.883,0.117,0.910,0.964,24.8,0.00,2,2731,705
203,BossLose,Timeout,60.0,BossRangedZoner,PlayerCCDebuffer,PlayerCCDebuffer,300,943,0.53,0.26,0.75,4,15,9,3,17.618,-1.0,16.3,-1.0,-1.0,500.6,3,23.6,5.8,43.9,32.1,4.5,50.1,49.9,19.3,73.5,10425.5,11666.8,13200.0,3,0.001,0.834,0.165,0.881,0.971,21.4,0.00,2,2644,232
204,BossLose,Timeout,60.0,BossTankSustain,PlayerCCDebuffer,PlayerCCDebuffer,85,1141,0.43,0.80,0.92,1,5,12,1,16.750,-1.0,10.5,-1.0,-1.0,519.0,3,28.0,6.1,69.9,32.5,4.4,51.7,57.0,26.9,92.8,18671.2,22617.1,20137.7,2,0.001,0.865,0.135,0.917,0.000,22.8,0.00,1,2753,186
209,BossWin,AllPlayerDeath,18.4,BossMeleeAggro,PlayerCCDebuffer,PlayerCCDebuffer,600,104,0.95,0.00,0.00,4,5,3,1,2.114,18.4,6.4,18.4,6.4,144.0,2,28.0,6.2,53.9,14.6,7.8,20.9,54.2,29.0,70.0,3816.9,9077.7,332.5,2,0.000,0.783,0.217,0.872,0.950,19.4,0.00,1,803,56
221,BossLose,Timeout,60.0,BossRangedZoner,PlayerCCDebuffer,PlayerCCDebuffer,370,1343,0.33,0.21,0.56,5,13,15,1,5.143,-1.0,-1.0,-1.0,-1.0,554.4,3,26.6,17.4,34.6,39.5,8.7,59.1,59.0,31.4,81.1,8341.7,9446.5,10722.1,13,0.001,0.924,0.075,0.893,0.539,27.3,0.00,2,2680,379
227,BossLose,Timeout,60.0,BossMeleeAggro,PlayerCCDebuffer,PlayerCCDebuffer,172,731,0.63,0.55,0.87,3,19,8,1,0.007,-1.0,-1.0,-1.0,-1.0,556.0,3,26.8,15.4,34.3,39.8,8.7,66.5,59.8,33.8,84.8,11757.5,12375.8,15424.3,29,0.000,0.927,0.073,0.898,0.989,26.7,0.00,1,2695,348
231,BossLose,Timeout,60.0,BossMeleeAggro,PlayerCCDebuffer,PlayerCCDebuffer,424,634,0.68,0.59,0.00,4,12,9,1,8.473,-1.0,48.3,-1.0,48.3,539.0,3,27.0,6.4,61.8,34.4,8.9,47.1,58.0,19.9,73.6,6561.0,8732.5,9716.4,33,0.001,0.898,0.101,0.925,0.495,26.7,0.00,3,2776,251
233,BossLose,Timeout,60.0,BossRangedZoner,PlayerCCDebuffer,PlayerCCDebuffer,504,528,0.74,0.00,0.32,6,15,5,4,4.606,40.3,-1.0,40.3,-1.0,527.4,3,26.0,12.5,33.1,33.3,8.3,63.1,59.2,19.9,86.0,11539.0,8920.5,17577.9,24,0.001,0.879,0.120,0.864,0.967,23.5,0.00,4,2593,669
235,BossLose,Timeout,60.0,BossTankSustain,PlayerCCDebuffer,PlayerCCDebuffer,139,1150,0.43,0.65,0.88,2,9,12,0,5.037,-1.0,-1.0,-1.0,-1.0,557.4,3,24.8,5.7,34.0,36.9,19.5,44.9,57.6,22.1,73.8,13365.0,14700.0,14526.2,12,0.001,0.929,0.070,0.985,0.247,23.9,0.00,0,2957,191
241,BossWin,AllPlayerDeath,59.1,BossMeleeAggro,PlayerCCDebuffer,PlayerCCDebuffer,600,910,0.55,0.00,0.00,7,13,7,3,48.189,43.0,59.1,45.3,59.1,532.0,3,24.9,4.9,34.5,41.0,10.8,88.7,65.7,33.8,96.4,9418.1,8625.9,15254.3,24,0.001,0.901,0.098,0.897,0.502,27.4,0.00,5,2649,670
242,BossLose,Timeout,60.0,BossTankSustain,PlayerCCDebuffer,PlayerCCDebuffer,207,1210,0.40,0.43,0.88,2,11,14,1,8.639,-1.0,-1.0,-1.0,-1.0,554.4,3,24.5,8.2,34.5,36.6,9.1,56.3,57.1,19.9,84.2,10023.4,12178.4,10252.9,17,0.001,0.924,0.075,0.961,0.125,24.8,0.00,1,2885,243
254,BossLose,Timeout,60.0,BossTankSustain,PlayerCCDebuffer,PlayerCCDebuffer,441,1299,0.35,0.30,0.22,4,17,12,1,9.805,-1.0,10.3,-1.0,-1.0,513.6,3,27.3,6.5,53.8,34.3,4.7,51.9,56.8,24.8,77.4,10338.1,15592.4,15422.2,2,0.001,0.856,0.143,0.901,0.983,21.5,0.00,4,2704,187
259,BossLose,Timeout,60.0,BossTankSustain,PlayerCCDebuffer,PlayerCCDebuffer,122,526,0.74,0.86,0.74,0,11,3,5,21.776,-1.0,53.5,-1.0,-1.0,549.6,3,36.4,9.3,62.6,24.6,4.6,51.9,55.9,22.6,79.3,20398.6,19433.4,23859.7,17,0.001,0.916,0.083,0.916,0.496,25.1,0.00,0,2750,429
262,BossLose,Timeout,60.0,BossRangedZoner,PlayerCCDebuffer,PlayerCCDebuffer,250,474,0.76,0.17,1.00,4,9,8,1,6.906,-1.0,-1.0,-1.0,-1.0,552.6,3,26.4,13.5,34.6,38.6,10.8,59.0,57.8,25.0,82.3,7451.7,8778.6,10199.5,31,0.001,0.921,0.078,0.893,0.000,24.5,0.00,1,2680,372
263,BossLose,Timeout,60.0,BossTankSustain,PlayerCCDebuffer,PlayerCCDebuffer,107,1529,0.24,0.97,0.67,0,11,12,6,0.466,-1.0,-1.0,-1.0,-1.0,532.8,3,29.5,6.9,69.1,33.2,8.7,55.7,59.4,21.4,92.6,12039.3,14327.5,16765.9,39,0.001,0.888,0.112,0.872,0.415,22.8,0.00,0,2618,426
271,BossLose,Timeout,60.0,BossTankSustain,PlayerCCDebuffer,PlayerCCDebuffer,36,1134,0.43,1.00,0.88,0,6,11,0,1.252,-1.0,-1.0,-1.0,-1.0,544.4,3,27.0,10.6,54.7,33.3,8.6,44.6,54.5,29.0,69.9,5894.5,9227.9,6614.5,38,0.001,0.907,0.092,0.913,0.000,24.3,0.00,0,2741,369
283,BossWin,AllPlayerDeath,56.4,BossRangedZoner,PlayerCCDebuffer,PlayerCCDebuffer,600,901,0.55,0.00,0.00,10,16,10,4,12.538,56.4,25.4,56.4,25.4,513.8,3,31.6,8.7,60.3,22.0,5.4,28.9,55.1,22.6,72.5,16027.9,20133.4,5103.1,3,0.000,0.911,0.089,0.943,0.983,24.3,0.00,5,2661,246
284,BossLose,Timeout,60.0,BossRangedZoner,PlayerCCDebuffer,PlayerCCDebuffer,14,1135,0.43,1.00,0.95,0,9,9,1,14.101,59.2,-1.0,-1.0,-1.0,549.0,3,25.7,3.5,33.7,36.4,9.1,54.7,57.0,33.8,78.3,12122.2,12505.3,15798.7,18,0.001,0.915,0.084,0.884,0.000,26.3,0.00,0,2652,286
300,BossLose,Timeout,60.0,BossTankSustain,PlayerCCDebuffer,PlayerCCDebuffer,244,829,0.59,0.56,0.63,2,10,6,4,20.699,-1.0,54.2,-1.0,-1.0,541.6,3,28.1,14.1,43.4,32.1,3.2,54.0,56.5,22.6,76.5,19479.1,19315.4,18005.1,22,0.001,0.902,0.097,0.919,0.249,22.5,0.00,1,2759,302
304,BossLose,Timeout,60.0,BossTankSustain,PlayerCCDebuffer,PlayerCCDebuffer,187,1106,0.45,0.58,0.79,2,9,10,5,38.559,45.7,-1.0,-1.0,-1.0,546.0,3,26.0,4.4,43.0,37.3,9.1,72.5,59.1,11.6,84.4,9238.8,10945.4,12479.1,26,0.000,0.910,0.090,0.905,0.249,25.0,0.00,0,2715,619
309,BossLose,Timeout,60.0,BossMeleeAggro,PlayerCCDebuffer,PlayerCCDebuffer,201,934,0.53,0.59,0.74,2,13,11,1,1.360,-1.0,-1.0,-1.0,-1.0,550.8,3,26.6,14.2,34.0,34.6,8.9,50.1,54.8,22.6,71.8,9245.8,10377.5,10774.2,40,0.001,0.918,0.082,0.901,0.491,25.6,0.00,2,2703,396
315,BossLose,Timeout,60.0,BossRangedZoner,PlayerCCDebuffer,PlayerCCDebuffer,420,593,0.70,0.00,0.60,7,12,6,4,8.471,48.5,-1.0,48.5,-1.0,558.4,3,23.4,5.3,33.7,39.6,9.5,76.6,62.8,33.8,88.5,10593.5,11405.1,16996.6,8,0.001,0.930,0.068,0.967,0.248,26.6,0.00,4,2901,294
323,BossWin,AllPlayerDeath,45.3,BossMeleeAggro,PlayerCCDebuffer,PlayerCCDebuffer,600,518,0.74,0.00,0.00,7,12,3,6,13.197,25.7,45.3,25.7,45.3,388.0,3,26.7,5.3,50.1,28.7,10.7,49.6,53.0,22.1,69.5,15130.3,7131.7,12166.5,3,0.000,0.857,0.143,0.925,0.933,19.8,0.00,0,2096,209
325,BossLose,Timeout,60.0,BossMeleeAggro,PlayerCCDebuffer,PlayerCCDebuffer,186,837,0.58,0.87,0.51,3,13,1,11,15.128,-1.0,59.8,-1.0,-1.0,560.0,3,34.7,6.4,57.5,27.6,3.7,58.7,59.1,29.0,81.0,19979.6,22903.5,21388.7,19,0.000,0.933,0.067,0.905,0.469,24.9,0.00,1,2717,438
336,BossLose,Timeout,60.0,BossMeleeAggro,PlayerCCDebuffer,PlayerCCDebuffer,370,517,0.74,0.50,0.27,3,15,7,1,3.883,-1.0,-1.0,-1.0,-1.0,555.8,3,26.4,12.5,33.6,35.8,8.9,44.5,57.7,19.9,72.8,6362.5,7102.2,9763.7,21,0.001,0.926,0.073,0.966,0.493,25.4,0.00,2,2899,221
348,BossLose,Timeout,60.0,BossTankSustain,PlayerCCDebuffer,PlayerCCDebuffer,10,1108,0.45,1.00,0.97,0,7,14,1,5.713,-1.0,-1.0,-1.0,-1.0,554.0,3,25.9,13.0,33.9,34.6,9.5,47.1,56.3,22.6,67.8,11039.6,11626.1,11385.2,44,0.000,0.923,0.077,0.930,0.249,22.0,0.00,0,2792,335
365,BossLose,Timeout,60.0,BossMeleeAggro,PlayerCCDebuffer,PlayerCCDebuffer,243,855,0.57,0.31,0.88,2,10,10,1,3.820,-1.0,-1.0,-1.0,-1.0,550.4,3,26.2,14.2,33.5,35.9,9.1,47.6,57.9,22.6,74.1,8237.1,10375.3,11727.9,40,0.001,0.917,0.082,0.933,0.000,26.2,0.00,2,2801,318
367,BossLose,Timeout,60.0,BossTankSustain,PlayerCCDebuffer,PlayerCCDebuffer,0,1031,0.48,1.00,1.00,0,12,7,4,13.545,49.8,-1.0,-1.0,-1.0,540.2,3,29.1,4.8,77.1,37.3,13.3,67.2,61.3,21.2,95.4,8004.7,10801.2,15364.3,12,0.000,0.900,0.100,0.956,0.498,23.5,0.00,0,2868,229
380,BossLose,Timeout,60.0,BossRangedZoner,PlayerCCDebuffer,PlayerCCDebuffer,300,977,0.51,0.00,1.00,5,10,6,3,5.629,56.1,-1.0,56.1,-1.0,544.0,3,26.5,14.2,34.2,36.0,9.4,50.9,56.6,22.6,74.2,9832.4,10306.0,12685.8,17,0.000,0.906,0.093,0.915,0.000,26.3,0.00,3,2745,351
384,BossLose,Timeout,60.0,BossTankSustain,PlayerCCDebuffer,PlayerCCDebuffer,76,1334,0.33,1.00,0.75,0,6,12,5,13.459,-1.0,24.1,-1.0,-1.0,508.8,3,26.5,7.6,43.3,33.1,4.2,58.8,56.6,19.9,85.3,10250.3,15906.2,9724.7,9,0.001,0.848,0.152,0.914,0.000,21.6,0.00,0,2742,202
386,BossLose,Timeout,60.0,BossTankSustain,PlayerCCDebuffer,PlayerCCDebuffer,296,930,0.54,0.39,0.63,3,11,15,1,7.415,-1.0,-1.0,-1.0,-1.0,559.4,3,26.0,12.5,34.2,37.4,8.4,52.1,59.3,19.9,80.0,9417.8,9609.2,13616.8,25,0.003,0.932,0.065,0.945,0.248,24.9,0.00,1,2837,285
401,BossLose,Timeout,60.0,BossTankSustain,PlayerCCDebuffer,PlayerCCDebuffer,165,1543,0.23,0.52,0.92,2,11,13,2,16.383,-1.0,8.6,-1.0,-1.0,548.4,3,27.1,9.7,56.0,33.8,4.7,54.7,56.1,28.1,77.5,9692.9,13062.9,12852.4,2,0.001,0.914,0.085,0.981,0.327,22.3,0.00,2,2944,179
408,BossLose,Timeout,60.0,BossMeleeAggro,PlayerCCDebuffer,PlayerCCDebuffer,239,1268,0.37,0.61,0.59,2,18,11,0,4.584,-1.0,-1.0,-1.0,-1.0,554.6,3,25.8,8.9,34.0,37.5,19.3,50.2,56.7,22.1,76.7,7310.2,9104.6,11591.1,26,0.001,0.924,0.075,0.978,0.988,26.3,0.00,2,2936,218
409,BossLose,Timeout,60.0,BossMeleeAggro,PlayerCCDebuffer,PlayerCCDebuffer,336,710,0.65,0.32,0.56,3,10,12,1,9.060,-1.0,-1.0,-1.0,-1.0,559.8,3,26.2,13.6,34.3,35.1,9.4,47.8,58.6,33.8,75.5,12553.9,13339.8,19434.5,47,0.001,0.933,0.067,0.920,0.249,25.0,0.00,1,2760,356
416,BossLose,Timeout,60.0,BossTankSustain,PlayerCCDebuffer,PlayerCCDebuffer,104,1345,0.33,0.82,0.83,2,13,13,1,16.191,-1.0,14.1,-1.0,-1.0,521.0,3,25.5,9.4,45.7,36.4,4.9,61.7,57.9,22.6,90.4,8668.2,11475.1,10805.4,6,0.000,0.868,0.132,0.916,0.499,25.8,0.00,1,2750,248
417,BossLose,Timeout,60.0,BossTankSustain,PlayerCCDebuffer,PlayerCCDebuffer,22,1539,0.23,1.00,0.93,1,10,13,1,2.066,-1.0,-1.0,-1.0,-1.0,553.2,3,27.4,13.8,48.2,34.0,6.4,47.1,56.2,22.1,76.0,8734.8,11644.6,8203.0,23,0.000,0.922,0.078,0.953,0.365,22.4,0.00,1,2861,289
448,BossLose,Timeout,60.0,BossMeleeAggro,PlayerCCDebuffer,PlayerCCDebuffer,285,872,0.56,0.53,0.52,4,14,10,3,9.029,-1.0,19.0,-1.0,-1.0,505.2,3,28.6,7.0,66.0,30.4,4.5,48.3,55.4,16.4,78.5,9635.0,16752.2,13280.6,3,0.000,0.842,0.158,0.897,0.488,24.7,0.00,2,2691,256
453,BossLose,Timeout,60.0,BossMeleeAggro,PlayerCCDebuffer,PlayerCCDebuffer,153,1141,0.43,0.49,1.00,2,10,10,1,2.637,-1.0,-1.0,-1.0,-1.0,560.0,3,25.8,12.5,34.7,35.6,8.9,56.3,58.4,19.9,86.1,12533.0,13540.8,12904.8,45,0.000,0.933,0.067,0.928,0.236,25.7,0.00,1,2785,351
457,BossLose,Timeout,60.0,BossTankSustain,PlayerCCDebuffer,PlayerCCDebuffer,378,903,0.55,0.50,0.24,5,17,7,4,4.612,-1.0,-1.0,-1.0,-1.0,537.8,3,29.7,15.5,64.2,35.3,10.1,68.1,61.6,33.8,88.7,13548.1,15966.6,15428.7,18,0.001,0.896,0.103,0.878,0.991,22.4,0.00,3,2634,446
461,BossLose,Timeout,60.0,BossMeleeAggro,PlayerCCDebuffer,PlayerCCDebuffer,459,862,0.57,0.14,0.33,5,11,8,5,13.768,47.2,-1.0,-1.0,-1.0,520.2,3,30.3,3.4,66.5,30.2,7.4,55.2,55.9,24.8,83.1,16301.2,18422.1,22045.8,13,0.000,0.867,0.133,0.874,0.240,20.6,0.00,4,2623,376
464,BossLose,Timeout,60.0,BossRangedZoner,PlayerCCDebuffer,PlayerCCDebuffer,399,1009,0.50,0.30,0.37,3,11,13,2,23.702,-1.0,51.7,-1.0,-1.0,536.4,3,26.3,5.6,60.5,33.0,4.8,50.3,54.2,22.6,73.6,7064.8,11675.5,7799.1,20,0.001,0.894,0.105,0.902,0.497,23.1,0.00,1,2707,272
467,BossLose,Timeout,60.0,BossTankSustain,PlayerCCDebuffer,PlayerCCDebuffer,213,1261,0.37,0.30,0.99,2,5,14,4,15.246,-1.0,15.9,-1.0,-1.0,511.6,3,24.5,7.2,42.4,32.8,3.9,54.1,52.7,17.1,84.1,17921.9,20290.9,15128.1,3,0.001,0.852,0.147,0.920,0.000,22.0,0.00,1,2760,191
468,BossLose,Timeout,60.0,BossRangedZoner,PlayerCCDebuffer,PlayerCCDebuffer,475,1070,0.47,0.00,0.42,6,12,11,3,10.932,56.6,-1.0,56.6,-1.0,546.8,3,26.1,12.6,33.4,35.2,8.9,57.4,57.5,19.9,72.4,7602.2,8616.5,10260.8,32,0.001,0.911,0.088,0.920,0.249,25.9,0.00,5,2762,383
477,BossLose,Timeout,60.0,BossTankSustain,PlayerCCDebuffer,PlayerCCDebuffer,133,1325,0.34,1.00,0.56,0,13,12,1,5.048,-1.0,-1.0,-1.0,-1.0,558.8,3,26.0,12.0,33.6,35.2,10.1,51.2,57.4,19.9,74.2,9948.9,11946.2,12382.3,39,0.001,0.931,0.068,0.964,0.532,26.1,0.00,0,2894,235
478,BossLose,Timeout,60.0,BossTankSustain,PlayerCCDebuffer,PlayerCCDebuffer,35,1218,0.39,1.00,0.88,0,7,11,1,0.081,-1.0,-1.0,-1.0,-1.0,553.0,3,26.6,14.2,35.2,34.9,9.5,43.9,57.9,22.6,71.0,9614.7,10799.4,11701.3,30,0.000,0.921,0.078,0.914,0.000,24.8,0.00,0,2742,343
484,BossLose,Timeout,60.0,BossMeleeAggro,PlayerCCDebuffer,PlayerCCDebuffer,260,1374,0.31,1.00,0.13,2,16,5,10,3.318,-1.0,-1.0,-1.0,-1.0,547.6,3,34.8,15.6,64.3,31.1,8.9,57.1,61.0,32.9,82.5,16037.7,17508.7,22372.1,12,0.001,0.912,0.087,0.943,0.759,25.9,0.00,1,2829,326
517,BossLose,Timeout,60.0,BossRangedZoner,PlayerCCDebuffer,PlayerCCDebuffer,341,762,0.62,0.00,0.86,6,11,7,3,8.560,56.5,-1.0,56.5,-1.0,547.6,3,26.0,12.5,34.2,35.4,8.9,53.5,57.2,19.9,74.7,7208.9,7588.7,11478.0,14,0.001,0.912,0.087,0.964,0.249,25.0,0.00,2,2894,265
534,BossLose,Timeout,60.0,BossMeleeAggro,PlayerCCDebuffer,PlayerCCDebuffer,161,1519,0.24,1.00,0.46,2,11,5,10,11.816,-1.0,59.1,-1.0,-1.0,522.8,3,38.5,5.8,71.7,26.0,4.8,51.4,62.0,29.0,93.3,13333.4,14575.9,22930.6,16,0.001,0.871,0.128,0.908,0.325,25.7,0.00,2,2724,397
537,BossLose,Timeout,60.0,BossMeleeAggro,PlayerCCDebuffer,PlayerCCDebuffer,254,1130,0.44,0.73,0.42,3,15,5,12,14.639,8.4,-1.0,-1.0,-1.0,484.2,3,34.0,3.0,74.1,27.2,6.9,56.1,58.5,18.6,93.6,9484.8,14529.6,14688.5,2,0.000,0.807,0.193,0.869,0.729,24.6,0.00,1,2607,554
541,BossLose,Timeout,60.0,BossRangedZoner,PlayerCCDebuffer,PlayerCCDebuffer,261,1393,0.30,0.22,0.91,4,10,16,1,8.062,-1.0,-1.0,-1.0,-1.0,555.0,3,27.0,19.6,34.8,39.6,9.4,66.8,63.1,33.8,92.5,8653.6,9471.0,13677.9,27,0.000,0.925,0.075,0.925,0.000,27.4,0.00,2,2776,356
549,BossLose,Timeout,60.0,BossMeleeAggro,PlayerCCDebuffer,PlayerCCDebuffer,231,951,0.52,0.31,0.93,4,13,12,1,9.959,-1.0,-1.0,-1.0,-1.0,557.2,3,25.3,10.0,33.8,36.8,8.1,63.6,58.8,22.1,88.5,13193.9,14557.0,17749.7,15,0.000,0.928,0.072,0.969,0.496,25.2,0.00,4,2907,259
551,BossLose,Timeout,60.0,BossMeleeAggro,PlayerCCDebuffer,PlayerCCDebuffer,285,1295,0.35,0.35,0.70,2,12,2,10,26.593,38.1,-1.0,-1.0,-1.0,538.8,3,33.2,4.9,67.2,25.3,12.1,46.9,53.2,19.9,84.1,12733.5,15358.5,16184.9,7,0.001,0.898,0.102,0.908,0.136,26.4,0.00,2,2724,427
558,BossLose,Timeout,60.0,BossMeleeAggro,PlayerCCDebuffer,PlayerCCDebuffer,366,1081,0.46,0.41,0.37,3,19,10,1,17.375,-1.0,2.0,-1.0,-1.0,552.6,3,27.0,19.4,36.7,36.7,4.9,57.8,59.3,22.1,77.1,10804.9,11331.8,16081.7,1,0.001,0.921,0.078,0.991,0.991,25.4,0.00,0,2973,183
564,BossLose,Timeout,60.0,BossTankSustain,PlayerCCDebuffer,PlayerCCDebuffer,123,1127,0.44,0.74,0.85,2,12,13,4,-0.378,-1.0,-1.0,-1.0,-1.0,529.4,3,26.8,6.7,53.3,34.0,7.7,62.0,53.3,24.8,88.5,14676.2,16644.7,17256.0,10,0.001,0.882,0.117,0.863,0.359,22.1,0.00,2,2591,357
566,BossLose,Timeout,60.0,BossTankSustain,PlayerCCDebuffer,PlayerCCDebuffer,15,1542,0.23,1.00,0.95,0,5,14,4,10.552,-1.0,21.4,-1.0,-1.0,521.0,3,26.1,5.7,58.4,31.6,3.9,56.3,53.9,10.1,82.4,9292.8,12262.6,10983.9,3,0.000,0.868,0.132,0.927,0.128,28.2,0.00,0,2783,185
571,BossLose,Timeout,60.0,BossMeleeAggro,PlayerCCDebuffer,PlayerCCDebuffer,302,1129,0.44,0.53,0.46,3,12,9,6,37.971,42.5,-1.0,-1.0,-1.0,547.0,3,26.9,3.4,44.7,38.6,9.3,79.5,61.4,19.9,97.6,13068.8,11657.3,15403.9,20,0.000,0.912,0.088,0.900,0.605,25.4,0.00,1,2702,391
597,BossLose,Timeout,60.0,BossMeleeAggro,PlayerCCDebuffer,PlayerCCDebuffer,357,945,0.53,0.22,0.59,3,12,11,1,5.886,-1.0,-1.0,-1.0,-1.0,551.0,3,26.2,14.4,33.2,38.5,8.7,58.8,58.6,22.6,80.4,8038.0,8017.0,12296.5,22,0.000,0.918,0.082,0.955,0.499,25.6,0.00,1,2867,260
598,BossLose,Timeout,60.0,BossMeleeAggro,PlayerCCDebuffer,PlayerCCDebuffer,391,1890,0.06,0.65,0.04,5,18,3,13,17.252,10.1,-1.0,-1.0,-1.0,516.4,3,34.9,2.0,67.7,27.4,5.0,51.4,59.5,16.0,101.2,16763.1,21937.8,20382.4,2,0.001,0.860,0.138,0.903,0.965,25.8,0.00,5,2710,866
604,BossLose,Timeout,60.0,BossMeleeAggro,PlayerCCDebuffer,PlayerCCDebuffer,192,1122,0.44,0.75,0.61,2,11,2,11,26.596,2.0,-1.0,-1.0,-1.0,556.2,3,37.1,4.9,65.4,23.9,5.4,40.0,58.9,29.0,80.2,17084.3,19588.3,20543.2,2,0.000,0.927,0.073,0.980,0.495,24.2,0.00,0,2940,271
620,BossLose,Timeout,60.0,BossTankSustain,PlayerCCDebuffer,PlayerCCDebuffer,35,730,0.64,1.00,0.88,0,4,1,7,4.763,-1.0,-1.0,-1.0,-1.0,563.2,3,38.5,7.1,67.5,25.6,13.5,40.2,60.8,22.1,78.5,13860.3,18304.3,12243.9,13,0.000,0.938,0.062,0.969,0.000,25.0,0.00,0,2907,287
625,BossWin,AllPlayerDeath,31.1,BossMeleeAggro,PlayerCCDebuffer,PlayerCCDebuffer,600,786,0.61,0.00,0.00,7,8,4,3,9.596,20.1,31.1,20.1,31.1,271.0,3,22.0,7.8,32.4,33.1,8.0,55.1,59.0,29.0,81.6,6850.5,8149.1,10083.2,4,0.001,0.871,0.128,0.929,0.987,17.0,0.00,2,1446,183
631,BossLose,Timeout,60.0,BossRangedZoner,PlayerCCDebuffer,PlayerCCDebuffer,284,598,0.70,0.24,0.82,3,8,9,1,5.764,-1.0,-1.0,-1.0,-1.0,556.0,3,24.5,5.5,34.3,36.3,14.2,57.4,57.6,21.7,75.1,9828.3,11666.7,11228.2,23,0.000,0.926,0.073,0.982,0.000,24.9,0.00,3,2947,214
632,BossLose,Timeout,60.0,BossTankSustain,PlayerCCDebuffer,PlayerCCDebuffer,117,710,0.65,0.61,1.00,1,14,1,8,3.484,-1.0,-1.0,-1.0,-1.0,569.0,3,36.3,10.2,62.3,24.9,8.9,31.5,58.9,19.9,79.4,19538.3,20912.3,19594.4,27,0.000,0.948,0.052,0.939,0.494,24.1,0.00,0,2818,348
641,BossLose,Timeout,60.0,BossTankSustain,PlayerCCDebuffer,PlayerCCDebuffer,77,1114,0.44,1.00,0.74,0,11,12,1,15.918,-1.0,8.4,-1.0,-1.0,529.4,3,27.0,6.8,49.8,32.7,4.7,56.6,54.7,13.8,85.7,8660.5,9792.9,11146.1,1,0.001,0.882,0.117,0.962,0.369,24.8,0.00,0,2886,175
689,BossLose,Timeout,60.0,BossMeleeAggro,PlayerCCDebuffer,PlayerCCDebuffer,406,1092,0.45,0.19,0.45,3,17,10,5,21.303,47.0,-1.0,-1.0,-1.0,540.4,3,24.9,4.9,44.8,35.9,14.1,54.3,57.7,26.7,76.9,10316.9,13312.6,12711.1,8,0.001,0.900,0.098,0.956,0.965,25.6,0.00,3,2870,288
691,BossLose,Timeout,60.0,BossRangedZoner,PlayerCCDebuffer,PlayerCCDebuffer,280,738,0.63,0.68,0.39,2,10,8,1,5.420,-1.0,-1.0,-1.0,-1.0,554.8,3,26.2,12.0,34.2,36.5,9.0,55.3,56.6,19.9,84.4,7763.2,8553.7,11249.9,25,0.001,0.924,0.075,0.949,0.000,27.5,0.00,2,2849,295
703,BossLose,Timeout,60.0,BossRangedZoner,PlayerCCDebuffer,PlayerCCDebuffer,309,1471,0.26,0.27,0.71,6,17,10,5,4.992,-1.0,-1.0,-1.0,-1.0,550.6,3,31.7,8.1,65.1,30.4,11.3,48.8,55.9,19.9,88.4,13295.2,13945.6,15449.0,22,0.001,0.917,0.082,0.927,0.990,25.2,0.00,5,2783,441
726,BossLose,Timeout,60.0,BossRangedZoner,PlayerCCDebuffer,PlayerCCDebuffer,343,1328,0.34,0.30,0.56,3,11,3,12,4.930,-1.0,-1.0,-1.0,-1.0,551.0,3,40.2,11.0,68.6,24.7,5.4,45.7,62.3,19.9,88.2,13149.0,17457.5,15988.5,17,0.000,0.918,0.082,0.947,0.499,22.8,0.00,3,2841,373
739,BossLose,Timeout,60.0,BossRangedZoner,PlayerCCDebuffer,PlayerCCDebuffer,158,1150,0.43,0.72,0.76,0,11,7,8,-0.220,38.7,-1.0,-1.0,-1.0,505.0,3,38.2,2.2,70.1,25.7,5.2,63.9,59.8,13.9,95.3,17403.1,15268.5,23166.8,5,0.000,0.841,0.159,0.835,0.486,19.7,0.00,0,2507,597
748,BossLose,Timeout,60.0,BossRangedZoner,PlayerCCDebuffer,PlayerCCDebuffer,336,821,0.59,0.27,0.61,4,10,7,2,5.575,-1.0,-1.0,-1.0,-1.0,549.6,3,31.4,8.8,68.9,28.4,12.5,44.5,56.4,19.9,86.3,17249.2,18913.1,21259.3,28,0.001,0.916,0.083,0.958,0.249,23.3,0.00,2,2874,303
767,BossLose,Timeout,60.0,BossTankSustain,PlayerCCDebuffer,PlayerCCDebuffer,118,1046,0.48,0.98,0.63,0,6,13,1,15.742,56.5,-1.0,-1.0,-1.0,548.0,3,25.0,4.3,47.7,36.2,8.2,57.1,57.0,19.9,85.0,7906.2,9000.8,10083.7,20,0.000,0.913,0.087,0.929,0.000,28.8,0.00,0,2789,299
801,BossLose,Timeout,60.0,BossMeleeAggro,PlayerCCDebuffer,PlayerCCDebuffer,299,1067,0.47,0.89,0.11,3,15,5,11,3.228,30.5,-1.0,-1.0,-1.0,514.6,3,30.8,3.6,55.6,27.8,7.9,50.2,54.2,13.9,79.6,13850.2,19712.0,19172.1,13,0.001,0.857,0.142,0.918,0.522,25.3,0.00,2,2754,470
803,BossLose,Timeout,60.0,BossTankSustain,PlayerCCDebuffer,PlayerCCDebuffer,75,1105,0.45,1.00,0.75,0,5,11,1,12.656,-1.0,-1.0,-1.0,-1.0,553.0,3,25.7,5.6,33.4,35.9,8.9,46.3,57.3,19.9,72.5,8056.5,9234.6,10208.3,17,0.000,0.921,0.078,0.947,0.000,26.9,0.00,0,2843,284
809,BossLose,Timeout,60.0,BossRangedZoner,PlayerCCDebuffer,PlayerCCDebuffer,556,1106,0.45,0.00,0.15,8,16,5,10,9.433,30.3,-1.0,30.3,-1.0,536.4,3,23.3,8.0,33.7,30.4,8.4,53.0,54.5,19.9,72.9,16781.4,7938.5,18445.0,16,0.001,0.894,0.105,0.924,0.982,24.7,0.00,4,2774,308
811,BossLose,Timeout,60.0,BossRangedZoner,PlayerCCDebuffer,PlayerCCDebuffer,474,630,0.68,0.42,0.00,5,9,8,2,4.556,-1.0,50.3,-1.0,50.3,535.0,3,27.2,14.2,39.5,35.8,8.4,61.8,57.4,22.6,81.5,9222.5,13356.7,10679.2,16,0.000,0.891,0.108,0.930,0.000,25.1,0.00,2,2790,279
839,BossLose,Timeout,60.0,BossTankSustain,PlayerCCDebuffer,PlayerCCDebuffer,77,948,0.53,0.97,0.77,1,10,1,14,-1.465,20.3,-1.0,-1.0,-1.0,482.8,3,34.7,5.0,62.3,27.1,5.6,64.0,58.6,17.8,93.2,16892.2,19788.6,22871.5,4,0.000,0.805,0.195,0.868,0.000,26.0,0.00,0,2605,606
841,BossLose,Timeout,60.0,BossRangedZoner,PlayerCCDebuffer,PlayerCCDebuffer,345,1379,0.31,0.44,0.41,3,15,13,1,6.732,-1.0,-1.0,-1.0,-1.0,556.0,3,26.5,17.5,34.5,36.4,8.2,54.0,59.1,33.8,77.5,10941.2,12597.1,11479.6,27,0.000,0.926,0.073,0.957,0.993,27.9,0.00,0,2872,259
843,BossLose,Timeout,60.0,BossRangedZoner,PlayerCCDebuffer,PlayerCCDebuffer,402,1235,0.38,0.11,0.55,5,11,10,4,25.413,48.4,-1.0,-1.0,-1.0,536.0,3,28.2,4.4,50.5,30.9,8.9,56.9,55.8,19.9,85.0,18683.5,20265.5,22404.1,36,0.000,0.893,0.107,0.904,0.249,22.0,0.00,2,2712,348
844,BossLose,Timeout,60.0,BossMeleeAggro,PlayerCCDebuffer,PlayerCCDebuffer,511,1384,0.31,0.00,0.30,5,12,2,12,5.301,30.0,-1.0,30.0,-1.0,489.0,3,27.0,14.4,34.6,30.5,5.1,51.9,56.7,22.6,77.7,14984.4,6746.1,22171.7,27,0.000,0.815,0.185,0.854,0.684,23.3,0.00,1,2563,766
846,BossLose,Timeout,60.0,BossRangedZoner,PlayerCCDebuffer,PlayerCCDebuffer,350,1402,0.30,0.68,0.15,5,14,6,10,15.317,38.8,-1.0,-1.0,-1.0,528.8,3,30.6,4.4,53.5,25.6,7.8,51.8,52.4,20.6,72.1,11468.9,14180.7,16216.3,7,0.000,0.881,0.119,0.852,0.759,21.6,0.00,3,2558,404
851,BossLose,Timeout,60.0,BossTankSustain,PlayerCCDebuffer,PlayerCCDebuffer,144,880,0.56,0.88,0.64,1,12,12,1,20.200,-1.0,8.2,-1.0,-1.0,548.2,3,26.5,8.8,48.8,33.7,4.7,54.9,53.6,22.1,83.7,10632.3,13843.8,11819.8,1,0.000,0.913,0.087,0.986,0.496,22.2,0.00,0,2960,175
863,BossLose,Timeout,60.0,BossMeleeAggro,PlayerCCDebuffer,PlayerCCDebuffer,299,1264,0.37,0.10,0.91,3,18,10,1,3.091,-1.0,-1.0,-1.0,-1.0,558.0,3,25.5,12.6,34.4,37.3,8.9,57.2,55.8,19.9,71.7,7626.9,8709.1,8684.1,25,0.001,0.930,0.070,0.942,0.992,26.7,0.00,3,2826,309
864,BossLose,Timeout,60.0,BossTankSustain,PlayerCCDebuffer,PlayerCCDebuffer,302,954,0.52,0.28,0.71,3,13,10,2,21.139,49.1,-1.0,-1.0,-1.0,561.0,3,30.9,1.9,82.5,45.1,10.8,91.0,68.7,32.4,109.2,10074.8,10383.8,13310.0,12,0.000,0.935,0.065,0.953,0.499,24.7,0.00,2,2859,232
869,BossLose,Timeout,60.0,BossMeleeAggro,PlayerCCDebuffer,PlayerCCDebuffer,309,1483,0.26,0.25,0.72,2,11,9,8,43.167,38.5,-1.0,-1.0,-1.0,529.4,3,27.4,4.7,66.7,36.3,5.0,77.4,60.9,15.1,99.5,18063.3,14190.1,21587.7,8,0.001,0.882,0.117,0.906,0.169,26.7,0.00,1,2720,494
894,BossLose,Timeout,60.0,BossMeleeAggro,PlayerCCDebuffer,PlayerCCDebuffer,193,957,0.52,1.00,0.36,1,19,12,1,1.248,-1.0,-1.0,-1.0,-1.0,550.6,3,25.2,7.2,33.8,34.5,10.1,48.7,55.5,22.6,72.5,11686.6,14006.7,11925.8,36,0.003,0.917,0.080,0.954,0.993,25.7,0.00,0,2863,265
896,BossWin,AllPlayerDeath,42.1,BossMeleeAggro,PlayerCCDebuffer,PlayerCCDebuffer,600,527,0.74,0.00,0.00,5,13,4,4,7.801,40.4,42.1,40.4,42.1,362.0,3,36.0,14.1,60.6,28.4,7.6,63.6,58.8,33.2,82.1,9215.8,17273.3,8104.5,13,0.002,0.860,0.138,0.899,0.986,23.5,0.00,4,1892,249
911,BossLose,Timeout,60.0,BossMeleeAggro,PlayerCCDebuffer,PlayerCCDebuffer,447,1083,0.46,0.00,0.51,4,11,9,2,9.732,54.2,-1.0,54.2,-1.0,546.4,3,26.4,12.5,33.6,34.9,6.0,53.8,57.4,19.9,73.5,5880.6,7227.6,9349.3,18,0.001,0.910,0.088,0.945,0.339,24.9,0.00,2,2835,266
919,BossLose,Timeout,60.0,BossTankSustain,PlayerCCDebuffer,PlayerCCDebuffer,84,1365,0.32,0.76,0.96,1,10,16,1,3.017,-1.0,-1.0,-1.0,-1.0,559.6,3,25.0,7.6,33.4,35.7,14.1,56.6,57.9,29.0,75.8,10983.0,12333.8,12663.0,33,0.001,0.932,0.067,0.972,0.130,25.4,0.00,1,2917,234
940,BossLose,Timeout,60.0,BossTankSustain,PlayerCCDebuffer,PlayerCCDebuffer,0,1513,0.24,1.00,1.00,0,13,16,1,2.886,-1.0,-1.0,-1.0,-1.0,558.4,3,26.0,15.6,33.2,42.9,9.5,68.8,63.9,33.8,90.3,9297.9,12610.5,13615.3,7,0.001,0.930,0.068,0.972,0.782,27.4,0.00,0,2916,228
944,BossLose,Timeout,60.0,BossTankSustain,PlayerCCDebuffer,PlayerCCDebuffer,88,1529,0.24,0.71,1.00,1,11,13,1,6.040,-1.0,-1.0,-1.0,-1.0,562.4,3,26.2,17.6,33.5,40.2,10.8,64.6,63.8,33.8,86.0,16812.5,19934.6,20742.6,21,0.001,0.937,0.062,0.934,0.282,25.6,0.00,1,2804,338
945,BossLose,Timeout,60.0,BossTankSustain,PlayerCCDebuffer,PlayerCCDebuffer,17,1721,0.14,1.00,0.94,0,13,15,3,10.226,-1.0,-1.0,-1.0,-1.0,547.6,3,27.1,13.6,47.3,34.8,8.5,66.5,58.8,33.8,85.0,9519.3,11089.4,15122.4,28,0.001,0.912,0.087,0.944,0.684,25.9,0.00,0,2833,278
973,BossWin,AllPlayerDeath,42.7,BossMeleeAggro,PlayerCCDebuffer,PlayerCCDebuffer,600,839,0.58,0.00,0.00,5,10,3,6,26.368,26.7,42.7,30.2,42.7,363.0,3,25.5,4.9,49.1,27.5,13.2,48.2,49.2,22.1,71.1,15221.8,7646.3,15094.0,13,0.001,0.851,0.148,0.866,0.347,23.8,0.00,4,1848,262
1014,BossLose,Timeout,60.0,BossTankSustain,PlayerCCDebuffer,PlayerCCDebuffer,9,1193,0.40,1.00,0.97,0,11,13,1,14.722,-1.0,59.9,-1.0,-1.0,545.0,3,28.5,13.1,66.0,32.6,4.5,51.9,58.0,22.6,82.0,9662.5,12094.9,13775.7,26,0.001,0.908,0.091,0.923,0.381,23.6,0.00,0,2770,280
1028,BossLose,Timeout,60.0,BossTankSustain,PlayerCCDebuffer,PlayerCCDebuffer,223,1113,0.44,0.68,0.58,2,14,6,9,7.690,-1.0,-1.0,-1.0,-1.0,522.0,3,33.3,8.5,60.7,25.0,6.2,46.1,54.0,24.6,82.3,13529.8,17648.8,18890.1,10,0.000,0.870,0.130,0.871,0.528,20.8,0.00,1,2615,396
1029,BossLose,Timeout,60.0,BossMeleeAggro,PlayerCCDebuffer,PlayerCCDebuffer,223,1427,0.29,0.56,0.69,3,11,14,2,19.573,-1.0,8.3,-1.0,-1.0,498.2,3,26.8,8.3,52.8,31.9,4.6,59.9,55.0,22.1,83.4,8808.4,11821.4,11819.0,1,0.000,0.830,0.170,0.916,0.230,26.3,0.00,3,2748,162
1037,BossLose,Timeout,60.0,BossRangedZoner,PlayerCCDebuffer,PlayerCCDebuffer,293,1429,0.29,0.17,0.86,5,16,13,3,18.295,-1.0,10.9,-1.0,-1.0,531.8,3,27.5,8.5,62.3,30.9,4.6,47.5,54.5,7.9,77.8,13373.7,14529.7,15439.2,3,0.001,0.886,0.113,0.938,0.996,25.0,0.00,2,2815,201
1044,BossLose,Timeout,60.0,BossRangedZoner,PlayerCCDebuffer,PlayerCCDebuffer,474,1023,0.49,0.00,0.42,8,17,5,9,14.484,32.1,-1.0,32.1,-1.0,545.0,3,25.2,14.2,33.9,31.2,8.9,45.0,54.1,22.6,73.7,21002.5,7704.2,20745.7,9,0.001,0.908,0.091,0.944,0.975,25.9,0.00,2,2832,343
1069,BossLose,Timeout,60.0,BossTankSustain,PlayerCCDebuffer,PlayerCCDebuffer,110,1058,0.47,0.63,1.00,0,9,3,12,14.467,-1.0,58.8,-1.0,-1.0,562.0,3,37.2,14.1,60.6,22.6,4.8,31.5,56.7,24.8,77.7,17239.5,19688.7,18729.8,22,0.000,0.936,0.063,0.899,0.000,25.5,0.00,0,2698,409
1081,BossLose,Timeout,60.0,BossRangedZoner,PlayerCCDebuffer,PlayerCCDebuffer,176,1010,0.50,0.88,0.53,2,9,1,9,14.866,-1.0,59.0,-1.0,-1.0,559.0,3,38.1,9.6,70.4,23.9,4.4,33.7,58.6,19.9,92.9,22699.4,21783.8,23556.7,12,0.001,0.931,0.068,0.919,0.000,25.4,0.00,1,2757,450
1097,BossLose,Timeout,60.0,BossMeleeAggro,PlayerCCDebuffer,PlayerCCDebuffer,144,1289,0.36,0.91,0.61,2,17,1,12,12.630,1.6,-1.0,-1.0,-1.0,548.0,3,36.1,5.0,64.5,26.2,18.0,37.9,58.7,22.1,89.0,20961.8,20999.5,22612.3,1,0.000,0.913,0.087,0.970,0.972,25.4,0.00,0,2911,359
1102,BossLose,Timeout,60.0,BossRangedZoner,PlayerCCDebuffer,PlayerCCDebuffer,309,1044,0.48,0.32,0.65,3,15,8,1,7.645,-1.0,-1.0,-1.0,-1.0,558.6,3,26.4,16.9,34.3,35.6,10.1,47.5,59.0,33.8,74.4,13792.6,15593.3,21455.5,41,0.001,0.931,0.068,0.927,0.993,25.9,0.00,0,2783,344
1113,BossLose,Timeout,60.0,BossRangedZoner,PlayerCCDebuffer,PlayerCCDebuffer,118,1242,0.38,0.88,0.72,0,9,14,1,4.292,-1.0,-1.0,-1.0,-1.0,560.0,3,25.8,11.4,34.1,37.0,9.4,54.2,58.1,19.9,83.2,9048.5,9515.4,11561.3,15,0.000,0.933,0.067,0.980,0.000,26.8,0.00,0,2940,210
1143,BossLose,Timeout,60.0,BossRangedZoner,PlayerCCDebuffer,PlayerCCDebuffer,21,1132,0.43,1.00,0.93,0,9,9,1,22.386,-1.0,9.2,-1.0,-1.0,529.4,3,27.5,5.3,70.8,34.9,4.8,69.2,57.3,18.4,88.6,7946.5,8728.3,13000.0,2,0.001,0.882,0.117,0.951,0.000,26.3,0.00,0,2854,177
1155,BossLose,Timeout,60.0,BossRangedZoner,PlayerCCDebuffer,PlayerCCDebuffer,198,1854,0.07,0.40,0.94,3,16,12,5,21.278,-1.0,8.2,-1.0,-1.0,479.0,3,26.6,9.4,58.3,30.6,4.9,53.6,54.2,19.0,80.3,15349.5,17016.2,16658.4,2,0.000,0.798,0.202,0.876,0.978,24.0,0.00,2,2630,162
1157,BossLose,Timeout,60.0,BossTankSustain,PlayerCCDebuffer,PlayerCCDebuffer,251,1460,0.27,0.81,0.35,4,14,4,12,21.462,-1.0,58.8,-1.0,-1.0,560.6,3,38.1,10.1,68.9,23.6,4.6,31.8,59.6,19.9,86.7,22128.4,20902.0,24185.7,12,0.001,0.934,0.065,0.922,0.539,23.7,0.00,3,2766,846
1159,BossWin,AllPlayerDeath,46.1,BossMeleeAggro,PlayerCCDebuffer,PlayerCCDebuffer,600,284,0.86,0.00,0.00,6,14,7,0,15.050,46.1,21.0,46.1,21.0,407.0,3,26.6,6.4,44.0,30.4,7.6,53.6,53.8,24.8,74.4,9721.6,9536.8,6720.8,5,0.000,0.883,0.117,0.893,0.980,19.8,0.00,5,2061,170
1171,BossLose,Timeout,60.0,BossMeleeAggro,PlayerCCDebuffer,PlayerCCDebuffer,155,1208,0.40,0.71,0.77,1,12,3,11,18.429,38.1,-1.0,-1.0,-1.0,529.0,3,42.1,1.8,76.3,26.3,10.5,49.2,64.1,27.3,102.6,14477.2,12919.9,21592.8,13,0.000,0.881,0.118,0.889,0.143,24.7,0.00,1,2668,520
1172,BossWin,AllPlayerDeath,40.4,BossMeleeAggro,PlayerCCDebuffer,PlayerCCDebuffer,600,581,0.71,0.00,0.00,6,13,2,6,10.785,30.0,40.4,30.0,40.4,349.8,3,35.8,8.1,62.9,24.8,9.2,50.7,56.4,19.9,80.5,9493.9,12881.8,13067.1,15,0.000,0.866,0.134,0.879,0.979,20.7,0.00,2,1777,357
1178,BossWin,AllPlayerDeath,36.2,BossMeleeAggro,PlayerCCDebuffer,PlayerCCDebuffer,600,208,0.90,0.00,0.00,6,9,3,2,12.406,30.1,36.2,30.1,36.2,315.0,3,22.2,5.6,40.9,30.6,5.3,60.0,49.2,18.3,83.2,5833.5,5373.6,7484.5,9,0.002,0.871,0.127,0.886,0.978,19.7,0.00,1,1604,221
1187,BossLose,Timeout,60.0,BossMeleeAggro,PlayerCCDebuffer,PlayerCCDebuffer,493,1791,0.10,0.34,0.02,6,13,3,14,15.765,41.7,-1.0,-1.0,-1.0,540.4,3,36.4,3.9,66.0,26.0,12.7,51.7,57.5,19.9,85.1,21681.3,23029.6,22702.5,11,0.001,0.900,0.098,0.919,0.779,21.5,0.00,6,2758,311
1220,BossWin,AllPlayerDeath,48.6,BossMeleeAggro,PlayerCCDebuffer,PlayerCCDebuffer,600,796,0.60,0.00,0.00,4,12,9,1,5.055,48.6,6.6,48.6,6.6,414.0,3,25.8,5.3,57.0,13.6,6.1,22.1,52.5,29.0,68.3,5378.7,8256.4,761.0,2,0.000,0.852,0.148,0.897,0.296,23.0,0.00,1,2180,136
1228,BossLose,Timeout,60.0,BossMeleeAggro,PlayerCCDebuffer,PlayerCCDebuffer,23,608,0.70,0.92,1.00,0,10,2,10,14.082,-1.0,59.1,-1.0,-1.0,561.2,3,35.7,6.0,62.7,25.7,4.4,31.0,58.6,22.1,86.2,18076.4,18537.3,19243.1,30,0.000,0.935,0.065,0.899,0.000,27.2,0.00,0,2697,501
1259,BossLose,Timeout,60.0,BossMeleeAggro,PlayerCCDebuffer,PlayerCCDebuffer,84,1298,0.35,0.72,1.00,1,10,11,2,18.353,-1.0,54.0,-1.0,-1.0,539.6,3,27.0,17.0,38.8,35.9,4.8,66.4,60.7,33.8,87.5,11782.6,15469.1,16354.0,31,0.001,0.899,0.100,0.928,0.180,28.2,0.00,1,2784,287
1261,BossWin,AllPlayerDeath,52.9,BossMeleeAggro,PlayerCCDebuffer,PlayerCCDebuffer,600,654,0.67,0.00,0.00,7,16,4,8,7.595,51.0,52.9,51.0,52.9,464.0,3,34.2,6.2,59.0,27.0,14.5,55.1,56.4,24.8,80.0,16600.6,15107.7,23953.3,11,0.000,0.877,0.123,0.842,0.941,22.8,0.00,4,2230,501
1263,BossLose,Timeout,60.0,BossRangedZoner,PlayerCCDebuffer,PlayerCCDebuffer,229,760,0.62,1.00,0.24,1,11,7,2,12.693,-1.0,24.5,-1.0,-1.0,546.6,3,24.7,10.5,32.9,35.1,4.7,55.5,55.0,19.9,83.9,13303.7,11996.8,13630.9,13,0.001,0.911,0.088,0.939,0.497,27.4,0.00,0,2817,255
1265,BossLose,Timeout,60.0,BossTankSustain,PlayerCCDebuffer,PlayerCCDebuffer,457,788,0.61,0.12,0.35,4,16,4,11,2.889,57.6,-1.0,-1.0,-1.0,518.0,3,32.7,4.4,60.5,22.7,5.1,31.1,50.5,8.9,77.0,13842.0,17035.7,16434.9,10,0.000,0.863,0.137,0.867,0.973,21.4,0.00,3,2602,492
1280,BossLose,Timeout,60.0,BossRangedZoner,PlayerCCDebuffer,PlayerCCDebuffer,452,1155,0.42,0.18,0.32,4,14,4,8,53.111,42.0,-1.0,-1.0,-1.0,544.0,3,33.3,4.2,58.3,31.6,7.3,97.7,61.7,11.4,110.3,10907.4,18637.3,10056.6,12,0.000,0.906,0.094,0.881,0.953,28.4,0.00,1,2645,438
1296,BossLose,Timeout,60.0,BossTankSustain,PlayerCCDebuffer,PlayerCCDebuffer,229,1269,0.37,0.68,0.56,2,11,10,2,19.827,52.3,-1.0,-1.0,-1.0,542.8,3,25.2,4.1,37.7,33.8,6.5,56.1,57.2,32.7,83.3,11671.1,13191.4,14909.8,20,0.001,0.904,0.095,0.935,0.235,21.8,0.00,2,2805,321
1300,BossLose,Timeout,60.0,BossRangedZoner,PlayerCCDebuffer,PlayerCCDebuffer,215,1275,0.36,0.65,0.63,3,16,4,12,19.634,54.4,-1.0,-1.0,-1.0,542.6,3,31.4,5.0,48.8,29.1,8.8,61.4,58.0,31.9,90.9,20301.3,23324.2,17294.2,18,0.001,0.904,0.095,0.842,0.980,25.1,0.00,0,2527,689
1316,BossWin,AllPlayerDeath,40.7,BossRangedZoner,PlayerCCDebuffer,PlayerCCDebuffer,600,637,0.68,0.00,0.00,8,9,4,6,9.577,40.7,39.7,40.7,39.7,365.0,3,31.6,6.7,51.4,26.4,6.7,46.8,55.6,22.1,73.8,14448.8,14354.7,14301.8,3,0.001,0.898,0.101,0.918,0.727,21.9,0.00,4,1867,187
1343,BossWin,AllPlayerDeath,39.3,BossMeleeAggro,PlayerCCDebuffer,PlayerCCDebuffer,600,561,0.72,0.00,0.00,6,11,6,1,8.484,39.3,6.6,39.3,6.6,337.0,3,26.6,5.1,56.8,14.2,7.3,21.9,53.5,29.0,69.5,5995.9,8334.7,494.9,2,0.002,0.858,0.140,0.914,0.743,23.3,0.00,3,1796,112
1362,BossWin,AllPlayerDeath,42.7,BossMeleeAggro,PlayerCCDebuffer,PlayerCCDebuffer,600,696,0.65,0.00,0.00,5,14,9,2,10.853,39.1,42.7,39.1,42.7,381.0,3,25.6,11.2,46.0,32.9,8.9,44.6,58.4,24.8,74.8,9007.4,11961.5,12697.8,7,0.000,0.892,0.108,0.923,0.980,22.3,0.00,1,1971,219
1390,BossLose,Timeout,60.0,BossTankSustain,PlayerCCDebuffer,PlayerCCDebuffer,124,678,0.66,0.81,0.78,2,12,2,5,3.323,-1.0,-1.0,-1.0,-1.0,565.0,3,36.5,9.3,70.7,23.9,10.7,31.9,58.3,19.9,88.2,13794.3,20195.8,13771.4,15,0.000,0.941,0.058,0.976,0.243,23.4,0.00,0,2928,324
1396,BossLose,Timeout,60.0,BossRangedZoner,PlayerCCDebuffer,PlayerCCDebuffer,36,1021,0.49,0.91,0.97,0,10,4,9,12.421,-1.0,52.1,-1.0,-1.0,546.6,3,36.7,8.2,73.4,26.2,3.3,47.6,56.3,26.5,89.4,19474.3,20236.8,20647.9,7,0.001,0.911,0.088,0.930,0.249,22.7,0.00,0,2792,379
1414,BossWin,AllPlayerDeath,30.3,BossMeleeAggro,PlayerCCDebuffer,PlayerCCDebuffer,600,373,0.81,0.00,0.00,5,9,3,2,32.912,30.3,24.1,30.3,24.3,262.0,3,26.2,5.6,56.4,33.3,4.6,44.1,56.8,19.9,71.5,7076.1,8840.2,9414.1,9,0.003,0.865,0.132,0.923,0.984,29.2,0.00,2,1399,103
1421,BossLose,Timeout,60.0,BossTankSustain,PlayerCCDebuffer,PlayerCCDebuffer,35,1137,0.43,0.88,1.00,0,4,2,11,5.745,-1.0,-1.0,-1.0,-1.0,552.6,3,36.4,12.9,66.1,26.4,14.1,38.9,59.4,24.8,89.3,21879.1,22443.3,22145.3,15,0.001,0.921,0.078,0.935,0.000,26.0,0.00,0,2806,357
1435,BossLose,Timeout,60.0,BossMeleeAggro,PlayerCCDebuffer,PlayerCCDebuffer,311,959,0.52,0.55,0.41,3,11,4,12,10.336,38.7,-1.0,-1.0,-1.0,479.6,3,31.9,3.0,58.7,26.0,12.7,45.9,53.8,22.3,91.5,10876.9,17696.4,10164.2,31,0.001,0.799,0.200,0.790,0.234,23.5,0.00,2,2372,519
1436,BossLose,Timeout,60.0,BossRangedZoner,PlayerCCDebuffer,PlayerCCDebuffer,257,1033,0.48,0.78,0.37,3,12,7,7,0.893,-1.0,-1.0,-1.0,-1.0,498.8,3,35.1,14.1,60.8,26.6,7.2,46.9,58.5,22.6,78.5,7700.2,16195.6,18878.3,19,0.001,0.831,0.168,0.889,0.488,22.7,0.00,2,2669,338
1473,BossLose,Timeout,60.0,BossRangedZoner,PlayerCCDebuffer,PlayerCCDebuffer,406,1153,0.42,0.47,0.18,3,11,2,12,20.394,8.9,-1.0,-1.0,-1.0,547.6,3,38.3,3.6,72.5,26.5,11.7,41.0,61.0,19.9,94.0,15766.1,20089.0,17177.3,5,0.001,0.912,0.087,0.950,0.240,26.0,0.00,2,2851,399
1486,BossLose,Timeout,60.0,BossRangedZoner,PlayerCCDebuffer,PlayerCCDebuffer,98,1514,0.24,0.97,0.70,0,11,4,15,4.922,56.4,-1.0,-1.0,-1.0,532.0,3,37.9,3.7,72.2,25.3,9.3,43.6,57.1,5.8,93.1,16344.3,14343.9,22316.6,24,0.000,0.886,0.113,0.846,0.339,23.8,0.00,0,2539,745
1509,BossLose,Timeout,60.0,BossRangedZoner,PlayerCCDebuffer,PlayerCCDebuffer,231,1107,0.45,0.50,0.73,2,8,4,9,0.700,-1.0,-1.0,-1.0,-1.0,531.4,3,33.4,13.8,52.5,25.4,12.5,41.6,55.4,24.8,71.8,12256.1,18301.7,15347.8,17,0.001,0.885,0.113,0.889,0.000,23.5,0.00,2,2667,391
1516,BossLose,Timeout,60.0,BossRangedZoner,PlayerCCDebuffer,PlayerCCDebuffer,250,913,0.54,0.65,0.52,2,11,7,6,20.825,-1.0,37.1,-1.0,-1.0,524.0,3,33.1,7.5,64.1,28.0,4.7,50.5,56.9,22.1,86.7,21012.8,24583.5,16426.8,14,0.000,0.873,0.127,0.904,0.475,23.3,0.00,1,2714,271
1566,BossLose,Timeout,60.0,BossRangedZoner,PlayerCCDebuffer,PlayerCCDebuffer,398,1094,0.45,0.17,0.51,5,9,11,2,31.029,-1.0,49.8,-1.0,-1.0,534.0,3,26.6,5.6,62.1,34.5,4.3,59.4,56.6,22.3,78.9,7406.8,9173.5,11944.8,42,0.000,0.890,0.110,0.908,0.000,23.8,0.00,3,2725,306
1572,BossLose,Timeout,60.0,BossTankSustain,PlayerCCDebuffer,PlayerCCDebuffer,184,940,0.53,0.70,0.68,1,16,13,2,16.001,-1.0,10.5,-1.0,-1.0,528.0,3,29.1,10.0,69.1,34.4,4.7,57.0,59.0,23.5,90.1,12358.5,14737.0,15341.2,2,0.000,0.880,0.120,0.941,0.995,23.9,0.00,1,2823,200
1583,BossLose,Timeout,60.0,BossRangedZoner,PlayerCCDebuffer,PlayerCCDebuffer,104,1209,0.40,0.66,0.99,0,14,5,16,19.751,9.3,-1.0,-1.0,-1.0,497.4,3,35.6,2.8,67.6,25.7,9.2,52.4,57.3,24.8,79.2,17383.0,19450.5,19664.4,3,0.001,0.829,0.170,0.884,0.930,28.2,0.00,0,2652,561
1586,BossLose,Timeout,60.0,BossTankSustain,PlayerCCDebuffer,PlayerCCDebuffer,233,1268,0.37,0.60,0.62,2,14,2,14,9.868,-1.0,55.4,-1.0,-1.0,539.0,3,35.5,14.7,55.5,25.8,4.9,49.2,58.1,24.8,78.6,13712.2,19800.3,16016.7,11,0.000,0.898,0.102,0.928,0.696,25.2,0.00,2,2785,410
1587,BossLose,Timeout,60.0,BossRangedZoner,PlayerCCDebuffer,PlayerCCDebuffer,304,1028,0.49,0.24,0.75,5,17,14,2,22.535,-1.0,10.5,-1.0,-1.0,544.4,3,29.1,7.4,68.4,33.6,4.6,62.0,57.6,28.4,90.3,7652.4,11139.4,10192.3,2,0.001,0.907,0.092,0.955,0.992,25.9,0.00,3,2867,207
1593,BossLose,Timeout,60.0,BossRangedZoner,PlayerCCDebuffer,PlayerCCDebuffer,384,1300,0.35,0.40,0.32,4,11,5,10,24.274,36.1,-1.0,-1.0,-1.0,518.4,3,40.1,4.5,75.3,24.7,5.1,53.2,61.5,18.8,93.9,13192.1,13111.3,20445.9,7,0.001,0.864,0.135,0.891,0.473,20.5,0.00,4,2674,562
1615,BossLose,Timeout,60.0,BossTankSustain,PlayerCCDebuffer,PlayerCCDebuffer,110,1211,0.39,0.63,1.00,0,11,3,10,3.217,-1.0,-1.0,-1.0,-1.0,533.2,3,35.9,7.3,65.9,25.7,6.9,42.4,59.0,24.8,89.8,11951.0,16928.3,16760.0,13,0.000,0.888,0.112,0.885,0.473,21.3,0.00,0,2655,465
1622,BossLose,Timeout,60.0,BossRangedZoner,PlayerCCDebuffer,PlayerCCDebuffer,454,1304,0.35,0.49,0.00,6,13,4,14,6.878,-1.0,58.6,-1.0,58.6,533.0,3,40.7,5.6,75.4,26.8,11.9,53.2,63.2,24.4,98.7,14510.5,22643.0,13202.7,5,0.002,0.888,0.110,0.891,0.500,24.8,0.00,4,2674,758
1643,BossLose,Timeout,60.0,BossRangedZoner,PlayerCCDebuffer,PlayerCCDebuffer,218,1099,0.45,0.37,0.90,3,10,12,1,4.508,-1.0,-1.0,-1.0,-1.0,562.0,3,24.3,7.8,33.8,36.8,8.7,53.3,58.6,33.8,78.7,14172.4,16006.5,19541.9,28,0.000,0.936,0.063,0.946,0.249,25.5,0.00,0,2840,286
1653,BossLose,Timeout,60.0,BossTankSustain,PlayerCCDebuffer,PlayerCCDebuffer,203,1353,0.32,0.94,0.39,2,14,4,15,22.786,19.0,-1.0,-1.0,-1.0,507.4,3,33.9,4.4,65.6,26.7,9.1,51.9,57.4,29.0,75.4,10452.6,17972.5,12584.6,4,0.001,0.845,0.153,0.912,0.752,24.1,0.00,2,2736,512
1696,BossWin,AllPlayerDeath,48.7,BossMeleeAggro,PlayerCCDebuffer,PlayerCCDebuffer,600,452,0.77,0.00,0.00,5,16,8,1,11.467,48.7,0.3,48.7,0.3,424.0,3,26.4,10.4,34.0,15.2,15.2,15.2,22.1,22.1,22.1,8775.2,9484.4,1.0,1,0.002,0.871,0.127,0.885,0.974,25.6,0.00,4,2155,144
1778,BossLose,Timeout,60.0,BossRangedZoner,PlayerCCDebuffer,PlayerCCDebuffer,266,760,0.62,0.71,0.40,3,15,1,13,11.327,-1.0,-1.0,-1.0,-1.0,557.6,3,37.0,14.8,63.9,25.0,5.3,45.8,60.3,24.8,76.4,20489.6,19260.1,24013.5,20,0.001,0.929,0.070,0.936,0.963,25.9,0.00,2,2810,640
1787,BossLose,Timeout,60.0,BossMeleeAggro,PlayerCCDebuffer,PlayerCCDebuffer,404,903,0.55,0.65,0.00,5,19,9,3,6.728,-1.0,21.3,-1.0,21.3,534.4,3,30.3,10.0,70.1,21.6,9.3,42.9,56.0,19.9,87.2,8636.6,12989.4,4250.8,4,0.001,0.890,0.108,0.937,0.979,24.6,0.00,1,2811,264
1794,BossLose,Timeout,60.0,BossTankSustain,PlayerCCDebuffer,PlayerCCDebuffer,252,1395,0.30,0.55,0.61,2,9,9,7,14.932,-1.0,52.3,-1.0,-1.0,537.0,3,32.7,12.2,55.8,25.3,4.7,42.9,54.3,23.8,76.8,20305.4,17575.8,24351.3,36,0.000,0.895,0.105,0.874,0.000,24.7,0.00,2,2622,670
1796,BossLose,Timeout,60.0,BossTankSustain,PlayerCCDebuffer,PlayerCCDebuffer,326,963,0.52,0.45,0.47,2,17,1,14,4.343,-1.0,-1.0,-1.0,-1.0,560.0,3,37.1,13.2,60.8,23.5,6.3,33.3,57.6,22.6,80.4,21297.5,22341.5,23944.6,22,0.000,0.933,0.067,0.941,0.973,24.0,0.00,0,2825,351
1802,BossLose,Timeout,60.0,BossTankSustain,PlayerCCDebuffer,PlayerCCDebuffer,177,1522,0.24,0.78,0.63,2,11,7,11,4.360,26.3,-1.0,-1.0,-1.0,464.4,3,36.2,3.0,63.2,23.3,5.6,41.6,56.2,21.5,81.5,13612.1,13024.7,23195.0,7,0.001,0.774,0.225,0.836,0.499,19.3,0.00,2,2508,616
1808,BossLose,Timeout,60.0,BossRangedZoner,PlayerCCDebuffer,PlayerCCDebuffer,272,926,0.54,0.48,0.61,2,11,4,9,24.193,49.3,-1.0,-1.0,-1.0,530.0,3,39.5,4.3,72.9,26.4,9.2,52.5,62.7,33.5,94.8,14982.8,17371.5,21707.9,17,0.000,0.883,0.117,0.915,0.474,24.6,0.00,1,2747,360
1825,BossLose,Timeout,60.0,BossTankSustain,PlayerCCDebuffer,PlayerCCDebuffer,264,1611,0.19,0.75,0.37,3,16,5,14,19.462,35.0,-1.0,-1.0,-1.0,526.8,3,34.2,4.4,57.1,26.2,9.3,44.1,57.2,24.8,84.0,15427.1,20158.7,21640.2,13,0.001,0.878,0.122,0.924,0.959,22.7,0.00,3,2772,372
1872,BossLose,Timeout,60.0,BossRangedZoner,PlayerCCDebuffer,PlayerCCDebuffer,273,1005,0.50,0.09,1.00,4,9,9,2,20.672,-1.0,9.6,-1.0,-1.0,547.2,3,27.9,6.4,63.4,43.5,4.6,84.9,64.0,29.5,102.8,9396.3,13147.6,13100.0,2,0.000,0.912,0.088,0.970,0.000,27.8,0.00,2,2911,181
1903,BossLose,Timeout,60.0,BossRangedZoner,PlayerCCDebuffer,PlayerCCDebuffer,348,1383,0.31,0.70,0.14,4,9,4,9,31.839,56.4,-1.0,-1.0,-1.0,529.0,3,35.3,4.2,64.2,25.4,6.4,49.3,56.1,20.7,83.5,11847.3,11463.9,19823.9,21,0.000,0.881,0.118,0.902,0.000,24.0,0.00,1,2708,412
1905,BossLose,Timeout,60.0,BossTankSustain,PlayerCCDebuffer,PlayerCCDebuffer,510,916,0.54,0.22,0.08,4,14,10,3,18.663,-1.0,15.3,-1.0,-1.0,543.0,3,25.7,12.6,36.0,33.1,1.2,44.6,55.0,19.9,72.1,10538.6,11226.8,12309.8,3,0.000,0.905,0.095,0.942,0.492,23.8,0.00,3,2826,230
1906,BossWin,AllPlayerDeath,40.3,BossMeleeAggro,PlayerCCDebuffer,PlayerCCDebuffer,600,496,0.75,0.00,0.00,6,12,5,3,13.464,40.3,33.1,40.3,33.1,351.8,3,27.6,8.0,47.2,32.3,8.9,46.1,57.1,33.8,70.2,10234.6,12816.0,12414.0,21,0.000,0.874,0.126,0.898,0.989,23.1,0.00,3,1811,209
1908,BossLose,Timeout,60.0,BossTankSustain,PlayerCCDebuffer,PlayerCCDebuffer,152,1523,0.24,0.80,0.69,2,10,3,12,22.312,30.4,-1.0,-1.0,-1.0,524.4,3,36.8,3.3,70.6,25.3,8.6,47.6,58.1,24.8,90.4,21299.5,24358.6,22700.1,6,0.001,0.874,0.125,0.930,0.369,22.3,0.00,1,2790,448
1919,BossLose,Timeout,60.0,BossTankSustain,PlayerCCDebuffer,PlayerCCDebuffer,214,747,0.63,0.29,1.00,2,4,10,4,5.340,-1.0,17.1,-1.0,-1.0,466.0,3,25.3,6.5,45.9,33.8,3.0,59.2,55.2,15.3,80.4,9788.3,14418.9,14109.3,7,0.001,0.776,0.223,0.828,0.000,24.3,0.00,1,2484,245
1928,BossLose,Timeout,60.0,BossRangedZoner,PlayerCCDebuffer,PlayerCCDebuffer,18,1071,0.46,0.94,1.00,0,11,3,12,20.014,34.8,-1.0,-1.0,-1.0,513.6,3,37.2,3.5,78.2,26.8,6.6,50.5,61.6,22.1,102.7,16691.0,24372.6,18317.0,11,0.001,0.856,0.143,0.915,0.486,25.8,0.00,0,2746,476
1934,BossLose,Timeout,60.0,BossMeleeAggro,PlayerCCDebuffer,PlayerCCDebuffer,345,913,0.54,0.53,0.32,3,19,13,1,5.457,-1.0,-1.0,-1.0,-1.0,562.0,3,25.5,12.5,32.8,36.5,8.7,56.3,59.4,19.9,85.6,8284.0,11659.4,12327.0,33,0.002,0.937,0.062,0.949,0.993,25.2,0.00,1,2847,287
1960,BossWin,AllPlayerDeath,47.4,BossRangedZoner,PlayerCCDebuffer,PlayerCCDebuffer,600,1125,0.44,0.00,0.00,8,10,7,4,10.036,47.4,20.7,47.4,20.7,433.0,3,28.5,5.2,56.6,22.0,7.2,34.1,53.8,29.0,68.8,15603.4,16432.5,5843.9,10,0.000,0.913,0.087,0.916,0.608,19.5,0.00,5,2172,268
1974,BossLose,Timeout,60.0,BossRangedZoner,PlayerCCDebuffer,PlayerCCDebuffer,312,550,0.73,0.64,0.32,3,11,1,10,20.871,2.0,-1.0,-1.0,-1.0,563.8,3,37.3,5.0,68.6,25.4,13.9,40.8,60.4,29.0,91.2,16427.9,21434.1,16190.2,2,0.001,0.939,0.060,0.983,0.491,23.5,0.00,0,2950,275
1992,BossLose,Timeout,60.0,BossRangedZoner,PlayerCCDebuffer,PlayerCCDebuffer,190,964,0.52,0.78,0.59,3,16,5,9,22.280,-1.0,47.5,-1.0,-1.0,541.0,3,33.1,8.0,59.3,23.5,4.3,43.8,53.0,23.8,73.9,20908.4,19883.3,20816.5,16,0.000,0.901,0.098,0.911,0.945,23.3,0.00,2,2733,468
2019,BossLose,Timeout,60.0,BossTankSustain,PlayerCCDebuffer,PlayerCCDebuffer,79,1213,0.39,0.74,1.00,1,7,3,8,2.856,58.5,-1.0,-1.0,-1.0,532.2,3,34.2,4.0,56.2,26.6,6.3,69.5,57.2,11.4,77.8,13164.2,16681.8,19153.2,15,0.000,0.887,0.113,0.893,0.000,24.1,0.00,0,2680,424
2031,BossLose,Timeout,60.0,BossRangedZoner,PlayerCCDebuffer,PlayerCCDebuffer,287,1181,0.41,0.86,0.18,4,16,2,11,4.518,-1.0,-1.0,-1.0,-1.0,547.6,3,36.2,8.8,65.2,27.0,19.1,44.8,58.5,22.1,89.0,19091.5,24412.6,21514.6,15,0.001,0.912,0.087,0.895,0.976,26.3,0.00,3,2686,552
2093,BossLose,Timeout,60.0,BossTankSustain,PlayerCCDebuffer,PlayerCCDebuffer,154,1635,0.18,0.96,0.53,2,14,5,9,0.385,-1.0,-1.0,-1.0,-1.0,527.6,3,38.2,9.5,68.9,25.6,7.1,50.3,60.0,22.6,83.8,10044.3,15270.9,11928.2,8,0.001,0.879,0.120,0.914,0.868,20.1,0.00,0,2742,513
2099,BossLose,Timeout,60.0,BossTankSustain,PlayerCCDebuffer,PlayerCCDebuffer,176,946,0.53,0.92,0.49,1,6,3,10,-0.088,-1.0,-1.0,-1.0,-1.0,547.6,3,34.5,11.4,65.8,25.6,8.5,51.0,54.7,19.9,84.3,9648.5,16401.8,11849.9,9,0.001,0.912,0.087,0.891,0.000,26.3,0.00,1,2675,583
2100,BossLose,Timeout,60.0,BossTankSustain,PlayerCCDebuffer,PlayerCCDebuffer,84,1337,0.33,0.72,1.00,0,11,3,9,18.398,59.0,-1.0,-1.0,-1.0,512.8,3,32.9,5.0,69.0,28.0,8.8,53.2,57.9,19.9,83.0,11687.4,14148.6,18133.7,16,0.001,0.854,0.145,0.857,0.528,23.4,0.00,0,2572,465
2119,BossLose,Timeout,60.0,BossTankSustain,PlayerCCDebuffer,PlayerCCDebuffer,108,1460,0.27,0.64,1.00,0,9,5,15,18.665,-1.0,49.7,-1.0,-1.0,536.8,3,33.0,14.0,54.7,26.1,4.6,54.5,54.4,21.1,77.5,23073.7,17440.4,23066.7,10,0.001,0.894,0.105,0.888,0.287,23.7,0.00,0,2666,346
2129,BossLose,Timeout,60.0,BossTankSustain,PlayerCCDebuffer,PlayerCCDebuffer,181,1817,0.09,0.68,0.72,1,8,7,13,-2.756,-1.0,-1.0,-1.0,-1.0,515.4,3,35.2,7.1,70.3,25.1,5.2,69.5,54.1,16.9,95.7,10891.8,15014.7,9981.8,7,0.001,0.859,0.140,0.802,0.247,24.2,0.00,1,2406,798
2135,BossLose,Timeout,60.0,BossRangedZoner,PlayerCCDebuffer,PlayerCCDebuffer,221,1286,0.36,0.93,0.33,3,10,3,13,8.943,34.1,-1.0,-1.0,-1.0,539.6,3,37.6,4.8,67.7,23.9,5.0,34.0,57.5,18.3,88.7,16055.6,18809.5,16201.5,13,0.001,0.899,0.100,0.938,0.249,22.5,0.00,3,2816,597
2136,BossLose,Timeout,60.0,BossTankSustain,PlayerCCDebuffer,PlayerCCDebuffer,73,1045,0.48,0.76,1.00,0,5,6,9,13.114,-1.0,58.3,-1.0,-1.0,520.0,3,36.4,8.9,67.4,25.7,4.6,47.0,58.5,22.6,81.4,15554.6,21709.9,15391.5,15,0.001,0.866,0.133,0.868,0.000,25.0,0.00,0,2605,742
2145,BossLose,Timeout,60.0,BossRangedZoner,PlayerCCDebuffer,PlayerCCDebuffer,546,1290,0.36,0.05,0.13,8,16,9,7,20.948,44.3,-1.0,-1.0,-1.0,536.8,3,27.2,4.6,50.6,33.1,5.6,53.2,58.0,29.5,79.4,12768.9,14884.7,16555.6,8,0.001,0.894,0.105,0.924,0.972,24.1,0.00,1,2772,384
2162,BossLose,Timeout,60.0,BossTankSustain,PlayerCCDebuffer,PlayerCCDebuffer,139,1439,0.28,0.96,0.58,1,12,1,16,8.828,-1.0,53.3,-1.0,-1.0,530.8,3,35.7,8.0,53.7,22.5,4.8,30.8,54.9,17.3,79.3,16278.8,18518.2,17721.6,17,0.001,0.884,0.115,0.933,0.504,25.2,0.00,0,2799,295
2244,BossLose,Timeout,60.0,BossMeleeAggro,PlayerCCDebuffer,PlayerCCDebuffer,143,1377,0.31,0.93,0.60,3,14,1,11,10.001,-1.0,-1.0,-1.0,-1.0,558.0,3,37.7,8.5,66.9,23.7,5.4,35.0,59.3,22.1,91.2,21865.0,20204.9,23825.7,19,0.000,0.930,0.070,0.952,0.469,23.3,0.00,2,2857,483
2257,BossWin,AllPlayerDeath,23.2,BossMeleeAggro,PlayerCCDebuffer,PlayerCCDebuffer,600,254,0.87,0.00,0.00,5,6,2,3,4.313,18.4,23.2,18.4,23.2,195.0,2,37.2,7.1,70.0,19.9,5.2,43.4,55.3,11.8,78.0,3581.1,9368.3,5446.1,3,0.003,0.842,0.155,0.803,0.977,17.2,0.00,2,931,139
2260,BossLose,Timeout,60.0,BossRangedZoner,PlayerCCDebuffer,PlayerCCDebuffer,388,1086,0.46,0.54,0.17,2,12,3,15,18.855,-1.0,55.5,-1.0,-1.0,547.6,3,36.0,6.1,65.7,23.6,4.6,31.5,57.8,14.5,83.6,14585.5,17535.2,17129.2,22,0.001,0.912,0.087,0.923,0.487,23.8,0.00,2,2769,318
2264,BossLose,Timeout,60.0,BossMeleeAggro,PlayerCCDebuffer,PlayerCCDebuffer,163,1794,0.10,0.81,0.65,3,16,4,14,12.920,30.1,-1.0,-1.0,-1.0,535.4,3,33.1,4.3,52.5,26.9,7.3,43.2,54.3,22.1,72.9,15770.9,17451.6,15083.1,8,0.001,0.892,0.107,0.940,0.877,24.6,0.00,2,2820,471
2280,BossLose,Timeout,60.0,BossRangedZoner,PlayerCCDebuffer,PlayerCCDebuffer,146,1337,0.33,1.00,0.51,2,10,1,12,10.924,-1.0,-1.0,-1.0,-1.0,553.4,3,37.1,7.1,62.0,26.0,11.2,31.7,59.4,8.2,85.2,18538.1,22440.0,21234.0,21,0.001,0.922,0.077,0.923,0.247,24.8,0.00,1,2771,353
2288,BossLose,Timeout,60.0,BossTankSustain,PlayerCCDebuffer,PlayerCCDebuffer,128,535,0.73,0.77,0.80,1,4,2,11,23.040,19.0,-1.0,-1.0,-1.0,495.4,3,36.5,4.9,65.9,25.9,12.3,50.3,59.0,33.8,85.3,11895.4,15042.1,18321.1,3,0.001,0.825,0.173,0.884,0.000,23.4,0.00,0,2652,603
2317,BossWin,AllPlayerDeath,51.3,BossRangedZoner,PlayerCCDebuffer,PlayerCCDebuffer,600,1150,0.43,0.00,0.00,10,14,5,10,10.628,51.3,39.9,51.3,39.9,447.0,3,33.1,10.9,58.2,24.2,5.7,42.5,55.1,22.6,75.2,13825.3,18617.6,12012.2,15,0.002,0.872,0.127,0.915,0.956,19.8,0.00,4,2348,228
2319,BossLose,Timeout,60.0,BossTankSustain,PlayerCCDebuffer,PlayerCCDebuffer,189,1382,0.31,0.59,0.78,2,10,9,9,19.380,-1.0,57.6,-1.0,-1.0,515.4,3,33.0,5.3,66.7,26.6,4.7,56.1,55.9,22.1,88.0,7520.5,8051.6,8581.9,17,0.001,0.859,0.140,0.868,0.249,20.9,0.00,2,2606,411
2322,BossLose,Timeout,60.0,BossRangedZoner,PlayerCCDebuffer,PlayerCCDebuffer,304,972,0.51,0.77,0.22,5,16,5,7,24.655,23.5,-1.0,-1.0,-1.0,515.6,3,34.9,4.1,65.6,25.4,5.8,50.4,55.0,5.6,83.6,18805.6,21461.6,21210.7,3,0.001,0.859,0.140,0.900,0.963,20.6,0.00,5,2702,499
2325,BossLose,Timeout,60.0,BossRangedZoner,PlayerCCDebuffer,PlayerCCDebuffer,2,1343,0.33,0.99,1.00,0,12,4,12,28.120,40.4,-1.0,-1.0,-1.0,511.4,3,36.5,3.5,67.3,27.9,5.0,66.5,60.7,22.6,88.7,10754.4,16761.3,13143.5,10,0.001,0.852,0.147,0.890,0.534,23.0,0.00,0,2671,432
2339,BossLose,Timeout,60.0,BossMeleeAggro,PlayerCCDebuffer,PlayerCCDebuffer,373,1144,0.43,0.43,0.32,3,12,3,16,19.279,37.1,-1.0,-1.0,-1.0,534.8,3,36.2,3.6,65.4,24.3,5.5,43.5,57.4,24.8,89.1,18126.5,21804.2,19382.6,11,0.001,0.891,0.108,0.919,0.039,24.4,0.00,3,2759,365
2344,BossLose,Timeout,60.0,BossTankSustain,PlayerCCDebuffer,PlayerCCDebuffer,375,699,0.65,0.00,0.75,3,12,4,7,4.219,32.7,-1.0,32.7,-1.0,545.4,3,36.2,8.2,67.1,26.7,12.6,53.8,58.1,19.9,84.4,12005.9,8161.6,13131.6,9,0.001,0.909,0.090,0.874,0.478,24.0,0.00,1,2624,838
2349,BossLose,Timeout,60.0,BossTankSustain,PlayerCCDebuffer,PlayerCCDebuffer,223,958,0.52,0.31,0.95,2,12,9,2,8.152,-1.0,-1.0,-1.0,-1.0,553.8,3,26.9,10.3,56.7,35.7,9.4,56.4,59.9,33.8,80.3,10619.1,12448.2,16239.1,20,0.001,0.923,0.077,0.943,0.496,25.7,0.00,2,2830,285
2392,BossLose,Timeout,60.0,BossMeleeAggro,PlayerCCDebuffer,PlayerCCDebuffer,342,1026,0.49,0.33,0.53,3,16,5,9,3.379,-1.0,-1.0,-1.0,-1.0,538.6,3,32.2,7.2,58.6,29.5,5.1,50.6,58.1,24.8,82.2,16244.9,15606.8,15869.6,22,0.001,0.897,0.102,0.905,0.534,23.9,0.00,2,2716,359
2407,BossLose,Timeout,60.0,BossRangedZoner,PlayerCCDebuffer,PlayerCCDebuffer,405,846,0.58,0.24,0.41,5,15,3,5,7.235,-1.0,-1.0,-1.0,-1.0,556.6,3,37.6,8.9,67.5,27.2,12.6,45.2,60.2,19.9,84.7,15376.6,15439.4,21337.3,20,0.001,0.927,0.072,0.939,0.931,24.9,0.00,2,2818,831
2444,BossLose,Timeout,60.0,BossMeleeAggro,PlayerCCDebuffer,PlayerCCDebuffer,221,1025,0.49,0.49,0.77,2,12,3,10,26.122,-1.0,56.2,-1.0,-1.0,554.8,3,37.1,6.7,64.8,23.6,4.7,34.1,56.0,10.8,83.2,21015.2,20177.8,23747.8,14,0.001,0.924,0.075,0.916,0.276,25.3,0.00,2,2750,368
2478,BossLose,Timeout,60.0,BossRangedZoner,PlayerCCDebuffer,PlayerCCDebuffer,70,1397,0.30,1.00,0.77,0,9,13,4,15.515,-1.0,25.0,-1.0,-1.0,528.0,3,29.4,5.7,58.6,29.4,4.8,60.4,55.6,22.6,83.6,12476.5,15415.4,15076.8,10,0.001,0.880,0.119,0.920,0.233,26.2,0.00,0,2760,262
2513,BossLose,Timeout,60.0,BossMeleeAggro,PlayerCCDebuffer,PlayerCCDebuffer,261,992,0.50,0.93,0.20,4,12,2,10,16.038,12.0,-1.0,-1.0,-1.0,548.8,3,37.7,4.5,69.0,24.2,7.7,32.5,58.3,25.7,91.8,18341.1,19596.4,20368.1,3,0.001,0.914,0.085,0.949,0.249,23.2,0.00,3,2849,391
2516,BossWin,AllPlayerDeath,23.4,BossTankSustain,PlayerCCDebuffer,PlayerCCDebuffer,600,475,0.76,0.00,0.00,4,5,3,3,23.843,23.4,17.3,23.4,20.2,199.0,2,23.3,6.6,44.4,27.2,3.9,54.9,49.5,19.3,84.2,3354.5,4472.4,3747.9,3,0.003,0.852,0.145,0.841,0.908,21.2,0.00,1,983,136
2521,BossLose,Timeout,60.0,BossTankSustain,PlayerCCDebuffer,PlayerCCDebuffer,210,1135,0.43,0.38,0.92,3,9,9,6,11.364,-1.0,31.8,-1.0,-1.0,509.6,3,30.4,6.3,59.6,29.6,4.6,52.6,56.1,22.4,83.1,12637.3,18112.5,13893.0,9,0.001,0.849,0.150,0.897,0.240,21.9,0.00,1,2691,249
2526,BossLose,Timeout,60.0,BossMeleeAggro,PlayerCCDebuffer,PlayerCCDebuffer,302,1202,0.40,0.11,0.88,2,13,10,1,2.559,-1.0,-1.0,-1.0,-1.0,553.4,3,26.1,14.2,34.0,36.3,9.5,46.7,58.5,22.6,73.3,9820.1,10998.2,12033.8,30,0.001,0.922,0.077,0.884,0.127,24.5,0.00,1,2653,434
2534,BossWin,AllPlayerDeath,40.3,BossTankSustain,PlayerCCDebuffer,PlayerCCDebuffer,600,1043,0.48,0.00,0.00,3,8,4,9,9.036,35.1,40.3,37.6,40.3,335.0,3,32.9,2.1,52.4,21.4,5.7,30.0,49.8,12.4,73.9,8855.2,12429.5,11621.5,7,0.000,0.831,0.169,0.794,0.721,18.6,0.00,0,1600,460
2542,BossLose,Timeout,60.0,BossTankSustain,PlayerCCDebuffer,PlayerCCDebuffer,426,1372,0.31,0.15,0.43,4,13,4,12,28.594,18.8,-1.0,-1.0,-1.0,553.6,3,34.6,3.1,71.7,28.0,9.3,53.7,59.6,22.1,89.7,21914.0,15736.7,23072.8,5,0.001,0.922,0.077,0.922,0.407,24.0,0.00,4,2768,367
2558,BossLose,Timeout,60.0,BossTankSustain,PlayerCCDebuffer,PlayerCCDebuffer,368,688,0.66,0.00,0.77,3,12,3,9,5.743,51.6,-1.0,51.6,-1.0,548.4,3,33.2,6.4,60.1,27.0,15.9,45.0,57.0,22.1,84.8,15116.9,19337.9,17262.8,11,0.001,0.914,0.085,0.942,0.453,24.0,0.00,2,2827,291
2562,BossLose,Timeout,60.0,BossTankSustain,PlayerCCDebuffer,PlayerCCDebuffer,365,1514,0.24,0.26,0.52,3,13,14,4,12.771,-1.0,29.2,-1.0,-1.0,528.0,3,26.8,6.9,57.3,36.2,3.5,60.4,60.0,27.5,81.7,9752.4,11133.5,15173.4,9,0.000,0.880,0.120,0.925,0.779,22.8,0.00,2,2776,255
2582,BossLose,Timeout,60.0,BossTankSustain,PlayerCCDebuffer,PlayerCCDebuffer,25,1352,0.32,0.92,1.00,0,7,5,12,-3.440,-1.0,-1.0,-1.0,-1.0,534.6,3,37.6,8.4,67.2,25.1,10.2,43.0,58.0,19.9,87.3,13107.2,18274.5,14376.1,17,0.001,0.891,0.108,0.858,0.074,23.1,0.00,0,2574,414
2593,BossWin,AllPlayerDeath,31.2,BossRangedZoner,PlayerCCDebuffer,PlayerCCDebuffer,600,392,0.80,0.00,0.00,7,8,4,5,28.215,26.8,31.2,29.1,31.2,265.0,3,26.1,4.6,51.3,33.0,8.2,57.0,57.6,24.1,78.2,8735.1,11810.1,6925.4,8,0.002,0.851,0.148,0.915,0.987,17.9,0.00,6,1426,128
2608,BossLose,Timeout,60.0,BossMeleeAggro,PlayerCCDebuffer,PlayerCCDebuffer,512,985,0.51,0.00,0.29,5,11,3,8,26.861,29.9,-1.0,30.7,-1.0,550.6,3,37.6,3.6,69.3,26.6,11.3,55.7,59.0,19.9,89.6,13311.5,10123.4,16344.5,13,0.001,0.917,0.082,0.895,0.245,28.1,0.00,3,2687,508
2615,BossLose,Timeout,60.0,BossRangedZoner,PlayerCCDebuffer,PlayerCCDebuffer,0,1381,0.31,1.00,1.00,0,11,16,2,16.162,-1.0,10.4,-1.0,-1.0,474.6,3,26.4,5.2,62.6,43.5,4.8,93.0,63.7,22.1,108.1,6700.3,11248.1,10925.1,2,0.001,0.791,0.208,0.866,0.250,20.8,0.00,0,2598,195
2617,BossLose,Timeout,60.0,BossMeleeAggro,PlayerCCDebuffer,PlayerCCDebuffer,404,547,0.73,0.65,0.00,3,20,8,1,5.527,-1.0,0.4,-1.0,0.4,547.4,3,26.9,16.8,34.9,14.8,14.3,15.2,22.1,22.1,22.1,7599.6,7375.9,0.1,1,0.001,0.912,0.087,0.964,0.990,26.5,0.00,1,2893,186
2620,BossLose,Timeout,60.0,BossTankSustain,PlayerCCDebuffer,PlayerCCDebuffer,86,881,0.56,0.71,1.00,1,10,3,9,23.540,29.6,-1.0,-1.0,-1.0,553.8,3,38.0,4.9,70.8,26.0,11.2,51.0,60.5,19.9,88.2,19547.6,20845.1,21574.6,13,0.001,0.923,0.077,0.946,0.226,26.4,0.00,0,2839,384
2623,BossLose,Timeout,60.0,BossTankSustain,PlayerCCDebuffer,PlayerCCDebuffer,151,818,0.59,0.58,0.92,2,6,13,3,21.742,-1.0,20.2,-1.0,-1.0,495.6,3,26.8,5.8,55.4,35.4,4.8,56.6,58.8,24.8,78.9,10426.2,16787.4,12131.9,5,0.001,0.826,0.173,0.891,0.000,24.1,0.00,1,2675,227
2625,BossLose,Timeout,60.0,BossRangedZoner,PlayerCCDebuffer,PlayerCCDebuffer,300,740,0.63,0.69,0.31,2,15,5,8,10.356,-1.0,47.8,-1.0,-1.0,488.8,3,34.4,10.6,66.4,25.9,4.7,44.3,57.5,24.8,82.0,19851.2,15371.0,21428.8,11,0.001,0.814,0.185,0.833,0.932,24.2,0.00,1,2501,723
2632,BossLose,Timeout,60.0,BossTankSustain,PlayerCCDebuffer,PlayerCCDebuffer,1,859,0.57,1.00,1.00,0,6,2,9,2.844,-1.0,-1.0,-1.0,-1.0,546.6,3,38.6,8.4,70.6,24.2,5.0,44.6,59.7,19.9,87.8,13108.5,13178.2,15365.7,16,0.001,0.911,0.088,0.910,0.249,21.2,0.00,0,2731,390
2655,BossLose,Timeout,60.0,BossRangedZoner,PlayerCCDebuffer,PlayerCCDebuffer,222,1246,0.38,0.54,0.72,3,8,12,3,3.438,-1.0,-1.0,-1.0,-1.0,558.0,3,28.4,5.8,57.7,45.4,10.0,94.4,70.1,33.8,108.5,9710.7,11177.4,19611.0,32,0.000,0.930,0.070,0.903,0.000,27.6,0.00,1,2709,424
2659,BossLose,Timeout,60.0,BossRangedZoner,PlayerCCDebuffer,PlayerCCDebuffer,163,1205,0.40,0.46,1.00,1,9,8,7,26.914,-1.0,49.8,-1.0,-1.0,522.4,3,34.2,5.4,67.4,27.6,4.0,57.1,55.6,19.9,91.1,13905.7,17752.2,13421.4,20,0.001,0.870,0.128,0.882,0.000,26.1,0.00,1,2647,311
2667,BossLose,Timeout,60.0,BossTankSustain,PlayerCCDebuffer,PlayerCCDebuffer,61,1141,0.43,0.93,0.87,0,7,10,6,14.001,-1.0,32.8,-1.0,-1.0,514.0,3,29.8,5.1,58.1,28.4,3.9,46.2,54.1,22.6,77.3,12215.1,16947.7,15846.9,9,0.000,0.857,0.143,0.886,0.233,21.8,0.00,0,2659,285
2676,BossLose,Timeout,60.0,BossTankSustain,PlayerCCDebuffer,PlayerCCDebuffer,300,1376,0.31,0.00,1.00,3,10,3,12,5.173,32.5,-1.0,32.5,-1.0,533.8,3,32.9,5.2,67.8,27.5,11.2,49.5,56.8,16.1,90.9,14544.3,13499.2,14448.3,5,0.001,0.889,0.110,0.932,0.297,22.3,0.00,1,2798,301
2695,BossLose,Timeout,60.0,BossMeleeAggro,PlayerCCDebuffer,PlayerCCDebuffer,219,1135,0.43,1.00,0.27,3,10,2,10,6.286,-1.0,-1.0,-1.0,-1.0,563.8,3,37.5,9.3,60.9,24.0,5.0,30.5,57.8,22.6,81.1,19519.1,16778.1,23357.7,10,0.001,0.939,0.060,0.934,0.178,24.4,0.00,1,2804,368
2701,BossLose,Timeout,60.0,BossTankSustain,PlayerCCDebuffer,PlayerCCDebuffer,83,1239,0.38,0.73,0.99,1,7,11,4,14.160,-1.0,20.9,-1.0,-1.0,537.4,3,26.5,5.4,45.8,36.9,4.9,65.1,58.2,20.5,90.3,13647.0,19185.1,15483.3,4,0.001,0.895,0.103,0.941,0.000,23.0,0.00,1,2824,230
2725,BossLose,Timeout,60.0,BossMeleeAggro,PlayerCCDebuffer,PlayerCCDebuffer,322,1315,0.34,0.71,0.22,2,11,6,8,19.171,-1.0,42.2,-1.0,-1.0,537.2,3,31.3,6.1,59.5,26.2,4.6,48.4,52.8,7.7,84.4,22135.3,22865.2,23309.3,14,0.000,0.895,0.105,0.921,0.265,24.1,0.00,2,2763,233
2733,BossLose,Timeout,60.0,BossTankSustain,PlayerCCDebuffer,PlayerCCDebuffer,258,722,0.64,0.73,0.41,2,16,2,9,3.248,-1.0,-1.0,-1.0,-1.0,569.0,3,38.7,8.1,71.7,24.8,12.2,34.4,60.8,19.9,93.0,21245.5,21635.5,22211.3,13,0.000,0.948,0.052,0.939,0.964,24.4,0.00,1,2819,839
2735,BossWin,AllPlayerDeath,31.4,BossRangedZoner,PlayerCCDebuffer,PlayerCCDebuffer,600,504,0.75,0.00,0.00,7,7,1,4,26.312,31.4,20.6,31.4,21.2,278.0,3,31.7,5.4,65.3,24.0,4.8,51.1,56.3,22.1,71.8,8499.7,7579.8,8499.4,2,0.001,0.887,0.112,0.947,0.918,18.2,0.00,4,1485,113
2767,BossWin,AllPlayerDeath,54.1,BossMeleeAggro,PlayerCCDebuffer,PlayerCCDebuffer,600,731,0.63,0.00,0.00,6,18,2,7,15.099,33.3,54.1,33.3,54.1,473.0,3,33.4,6.5,65.9,24.5,5.6,52.0,55.5,22.1,73.5,16527.8,13338.4,15485.0,9,0.001,0.875,0.124,0.924,0.950,20.9,0.00,4,2499,394
2771,BossLose,Timeout,60.0,BossRangedZoner,PlayerCCDebuffer,PlayerCCDebuffer,117,890,0.56,0.89,0.72,1,9,4,10,8.406,-1.0,55.2,-1.0,-1.0,524.0,3,34.7,8.0,61.7,25.7,4.4,56.6,57.5,26.0,79.1,14145.1,20587.1,16246.1,19,0.000,0.873,0.127,0.897,0.246,21.8,0.00,1,2691,505
2790,BossLose,Timeout,60.0,BossRangedZoner,PlayerCCDebuffer,PlayerCCDebuffer,243,855,0.57,0.19,1.00,4,10,9,2,18.984,57.0,-1.0,-1.0,-1.0,547.8,3,26.2,4.8,50.7,35.2,9.1,55.7,58.7,33.8,79.5,13265.3,14803.5,15686.6,48,0.001,0.913,0.087,0.886,0.000,24.3,0.00,3,2660,438
2804,BossLose,Timeout,60.0,BossTankSustain,PlayerCCDebuffer,PlayerCCDebuffer,96,785,0.61,0.87,0.81,0,9,6,6,2.303,-1.0,-1.0,-1.0,-1.0,550.6,3,31.1,12.5,55.1,30.5,8.4,43.8,57.2,19.9,73.2,10662.8,12555.3,13902.0,32,0.001,0.917,0.082,0.889,0.000,25.8,0.00,0,2669,505
2854,BossLose,Timeout,60.0,BossTankSustain,PlayerCCDebuffer,PlayerCCDebuffer,199,833,0.58,0.70,0.64,2,10,6,4,14.036,-1.0,31.5,-1.0,-1.0,501.4,3,30.4,5.1,58.2,29.0,3.9,63.0,54.9,22.6,77.4,17338.5,20017.6,22506.1,5,0.001,0.835,0.163,0.875,0.248,21.4,0.00,2,2625,223
2869,BossLose,Timeout,60.0,BossRangedZoner,PlayerCCDebuffer,PlayerCCDebuffer,0,1482,0.26,1.00,1.00,0,9,11,3,26.905,-1.0,19.3,-1.0,-1.0,515.8,3,26.4,7.8,64.2,34.5,4.1,53.7,57.1,22.5,79.7,7186.5,12072.8,10593.9,4,0.001,0.859,0.140,0.926,0.077,26.2,0.00,0,2780,248
2876,BossLose,Timeout,60.0,BossTankSustain,PlayerCCDebuffer,PlayerCCDebuffer,106,838,0.58,0.65,1.00,1,7,3,10,15.945,36.5,-1.0,-1.0,-1.0,556.0,3,39.4,4.6,73.8,24.3,9.5,34.8,59.8,19.9,94.3,18579.8,20468.6,22174.2,9,0.000,0.927,0.073,0.945,0.248,22.7,0.00,0,2836,313
2883,BossLose,Timeout,60.0,BossRangedZoner,PlayerCCDebuffer,PlayerCCDebuffer,35,893,0.55,1.00,0.88,0,8,11,2,31.866,-1.0,7.8,-1.0,-1.0,539.8,3,26.9,5.0,67.1,36.0,4.5,53.9,58.5,24.8,80.5,8441.7,11868.9,9917.2,3,0.001,0.899,0.100,0.956,0.000,25.9,0.00,0,2868,222
2887,BossLose,Timeout,60.0,BossTankSustain,PlayerCCDebuffer,PlayerCCDebuffer,35,731,0.63,0.88,1.00,0,6,4,6,1.036,-1.0,-1.0,-1.0,-1.0,551.0,3,35.9,6.7,69.6,25.0,11.0,49.3,56.6,19.9,87.4,16131.3,16188.0,19991.5,15,0.000,0.918,0.082,0.904,0.000,23.8,0.00,0,2714,430
2894,BossLose,Timeout,60.0,BossTankSustain,PlayerCCDebuffer,PlayerCCDebuffer,363,955,0.52,0.38,0.40,3,11,12,2,16.439,-1.0,27.6,-1.0,-1.0,523.0,3,26.5,9.1,45.9,31.5,3.9,48.6,54.5,22.1,70.5,10425.9,14585.3,13643.6,5,0.000,0.871,0.128,0.921,0.241,24.4,0.00,2,2765,300
2912,BossLose,Timeout,60.0,BossMeleeAggro,PlayerCCDebuffer,PlayerCCDebuffer,181,1193,0.40,0.67,0.73,2,15,10,1,15.897,-1.0,1.9,-1.0,-1.0,557.8,3,26.3,17.9,34.2,34.7,4.9,51.4,58.6,22.1,76.9,11823.8,12967.5,13746.0,1,0.001,0.929,0.070,0.992,0.574,26.9,0.00,2,2976,179
2934,BossLose,Timeout,60.0,BossTankSustain,PlayerCCDebuffer,PlayerCCDebuffer,238,972,0.51,0.28,0.93,2,9,14,1,14.541,-1.0,1.9,-1.0,-1.0,559.0,3,26.3,17.6,34.1,35.7,4.7,49.8,59.8,22.1,76.3,11367.4,12026.0,17423.6,1,0.000,0.931,0.068,0.993,0.000,26.9,0.00,1,2980,184
2958,BossLose,Timeout,60.0,BossRangedZoner,PlayerCCDebuffer,PlayerCCDebuffer,321,1016,0.49,0.83,0.10,4,9,2,11,13.001,-1.0,-1.0,-1.0,-1.0,545.6,3,35.5,14.1,54.7,24.6,5.1,35.0,56.2,24.8,76.5,18261.9,20701.0,22216.5,17,0.001,0.909,0.090,0.927,0.000,26.0,0.00,0,2783,354
2963,BossLose,Timeout,60.0,BossRangedZoner,PlayerCCDebuffer,PlayerCCDebuffer,220,1327,0.34,0.54,0.73,3,12,13,2,19.336,-1.0,25.3,-1.0,-1.0,542.4,3,25.3,5.6,46.2,34.2,3.7,58.1,54.0,29.3,76.5,17413.0,19393.0,12879.1,7,0.001,0.904,0.095,0.902,0.503,25.2,0.00,2,2708,296
2973,BossLose,Timeout,60.0,BossTankSustain,PlayerCCDebuffer,PlayerCCDebuffer,151,1446,0.28,0.60,0.90,3,13,12,3,19.097,-1.0,10.1,-1.0,-1.0,522.0,3,25.6,5.2,53.9,30.4,4.0,53.5,51.0,13.4,73.7,14639.4,15356.5,13809.4,2,0.000,0.870,0.130,0.925,0.419,21.5,0.00,2,2775,194
2979,BossLose,Timeout,60.0,BossMeleeAggro,PlayerCCDebuffer,PlayerCCDebuffer,56,1507,0.25,0.91,0.91,1,16,13,1,15.567,-1.0,53.8,-1.0,-1.0,536.6,3,27.4,14.1,42.5,33.0,3.6,53.7,56.6,22.6,69.3,10152.5,12098.7,12593.5,18,0.001,0.894,0.105,0.891,0.865,26.0,0.00,1,2673,357
2991,BossLose,Timeout,60.0,BossRangedZoner,PlayerCCDebuffer,PlayerCCDebuffer,94,1057,0.47,1.00,0.69,0,9,12,1,14.132,-1.0,1.6,-1.0,-1.0,555.2,3,26.6,17.2,33.9,35.0,4.8,51.6,58.1,22.1,78.5,12402.7,13327.1,15129.1,1,0.000,0.925,0.075,0.990,0.000,27.0,0.00,0,2970,183
2992,BossLose,Timeout,60.0,BossTankSustain,PlayerCCDebuffer,PlayerCCDebuffer,278,755,0.62,0.31,0.76,2,9,8,2,25.710,-1.0,19.5,-1.0,-1.0,516.4,3,25.2,5.7,60.8,34.4,4.1,52.7,55.0,22.2,80.8,8085.1,12830.9,8874.9,4,0.001,0.860,0.138,0.938,0.000,26.5,0.00,2,2816,200
2994,BossWin,AllPlayerDeath,30.1,BossMeleeAggro,PlayerCCDebuffer,PlayerCCDebuffer,600,325,0.84,0.00,0.00,6,7,3,1,9.293,30.1,24.0,30.1,24.0,256.0,3,31.2,6.2,62.2,25.9,9.9,46.7,58.0,19.9,79.4,5186.4,6771.5,5301.1,4,0.001,0.850,0.149,0.916,0.993,17.9,0.00,1,1381,167
3016,BossLose,Timeout,60.0,BossTankSustain,PlayerCCDebuffer,PlayerCCDebuffer,8,1027,0.49,0.97,1.00,0,4,3,11,-0.568,-1.0,-1.0,-1.0,-1.0,515.8,3,36.2,7.2,69.5,25.9,5.9,51.5,59.4,22.1,92.4,13039.5,18296.3,19140.6,22,0.001,0.859,0.140,0.866,0.000,25.0,0.00,0,2599,623
3017,BossLose,Timeout,60.0,BossTankSustain,PlayerCCDebuffer,PlayerCCDebuffer,148,1303,0.35,0.97,0.53,2,14,7,7,14.111,-1.0,59.7,-1.0,-1.0,546.0,3,32.1,17.3,53.7,30.9,4.4,67.2,58.1,32.4,93.8,14465.6,13688.5,13873.1,35,0.000,0.910,0.090,0.896,0.617,25.3,0.00,2,2688,517
3021,BossLose,Timeout,60.0,BossTankSustain,PlayerCCDebuffer,PlayerCCDebuffer,370,667,0.67,0.56,0.21,4,13,2,8,3.425,-1.0,-1.0,-1.0,-1.0,544.0,3,39.5,10.1,69.5,23.5,7.5,47.3,59.4,22.6,84.4,18723.6,20668.1,20556.1,6,0.000,0.907,0.093,0.937,0.476,23.6,0.00,2,2812,355
3025,BossLose,Timeout,60.0,BossRangedZoner,PlayerCCDebuffer,PlayerCCDebuffer,81,982,0.51,1.00,0.73,0,8,16,1,16.579,-1.0,1.6,-1.0,-1.0,556.8,3,26.3,16.1,33.8,35.8,5.0,56.8,59.3,22.1,83.1,9568.3,11847.7,14114.9,1,0.001,0.928,0.072,0.993,0.000,26.5,0.00,0,2981,175
3028,BossLose,Timeout,60.0,BossMeleeAggro,PlayerCCDebuffer,PlayerCCDebuffer,358,1026,0.49,0.44,0.37,2,14,2,12,19.311,14.9,-1.0,-1.0,-1.0,523.8,3,37.3,4.5,69.3,26.7,7.1,48.6,61.0,22.6,93.3,18251.5,17023.1,21971.1,5,0.001,0.873,0.127,0.911,0.327,25.3,0.00,1,2735,464
3031,BossLose,Timeout,60.0,BossRangedZoner,PlayerCCDebuffer,PlayerCCDebuffer,367,829,0.59,0.00,0.78,6,16,7,2,7.233,50.2,-1.0,50.2,-1.0,557.6,3,26.7,18.7,33.8,38.3,7.9,68.9,63.4,33.8,87.0,8833.4,11344.6,15324.8,20,0.001,0.929,0.070,0.943,0.980,24.2,0.00,1,2831,285
3040,BossLose,Timeout,60.0,BossRangedZoner,PlayerCCDebuffer,PlayerCCDebuffer,299,1372,0.31,0.40,0.61,3,9,16,1,33.406,-1.0,7.8,-1.0,-1.0,544.8,3,26.0,6.4,61.0,35.6,4.5,53.0,59.3,19.9,83.6,10739.4,14112.7,14741.4,3,0.001,0.908,0.092,0.958,0.000,24.6,0.00,3,2876,192
3056,BossLose,Timeout,60.0,BossMeleeAggro,PlayerCCDebuffer,PlayerCCDebuffer,281,709,0.65,0.82,0.24,3,11,5,7,14.817,56.9,-1.0,-1.0,-1.0,542.2,3,35.4,4.9,53.9,24.9,8.2,38.5,55.8,24.8,80.1,15106.7,19997.8,21524.5,17,0.000,0.903,0.097,0.885,0.240,24.3,0.00,3,2656,482
3071,BossLose,Timeout,60.0,BossMeleeAggro,PlayerCCDebuffer,PlayerCCDebuffer,368,624,0.69,0.77,0.00,5,11,6,6,15.382,-1.0,39.8,-1.0,41.1,548.8,3,34.9,8.6,70.6,22.7,4.6,31.0,58.2,19.9,86.8,12163.6,17220.2,9769.7,14,0.001,0.914,0.085,0.945,0.247,24.2,0.00,2,2836,293
